timestamp,elapsed_ms,pid,name,value,unit,protocol,baud
2026-10-02T23:20:55.390Z,60,0x15,"O2 sensor, bank 1 sensor 2",0.47,V,SAE J1850 VPW,115200
2026-10-02T23:20:55.551Z,221,0x03,Fuel system,Open loop · engine warming up,,SAE J1850 VPW,115200
2026-10-02T23:20:55.567Z,237,ATRV,Battery,13.4,V,SAE J1850 VPW,115200
2026-10-02T23:20:55.759Z,429,0x0C,Engine RPM,846,rpm,SAE J1850 VPW,115200
2026-10-02T23:20:55.906Z,576,0x0D,Speed,0,mph,SAE J1850 VPW,115200
2026-10-02T23:20:56.047Z,717,0x11,Throttle,16,%,SAE J1850 VPW,115200
2026-10-02T23:20:56.194Z,864,0x04,Engine load,9,%,SAE J1850 VPW,115200
2026-10-02T23:20:56.367Z,1037,0x06,Short-term fuel trim,0.0,%,SAE J1850 VPW,115200
2026-10-02T23:20:56.495Z,1165,0x0B,Intake manifold pressure,39,kPa,SAE J1850 VPW,115200
2026-10-02T23:20:56.627Z,1297,0x0E,Timing advance,9.5,°,SAE J1850 VPW,115200
2026-10-02T23:20:56.783Z,1453,0x14,"O2 sensor, bank 1 sensor 1",0.45,V,SAE J1850 VPW,115200
2026-10-02T23:20:56.929Z,1599,0x15,"O2 sensor, bank 1 sensor 2",0.49,V,SAE J1850 VPW,115200
2026-10-02T23:20:57.121Z,1791,0x0C,Engine RPM,842,rpm,SAE J1850 VPW,115200
2026-10-02T23:20:57.263Z,1933,0x0D,Speed,0,mph,SAE J1850 VPW,115200
2026-10-02T23:20:57.408Z,2078,0x11,Throttle,16,%,SAE J1850 VPW,115200
2026-10-02T23:20:57.552Z,2222,0x04,Engine load,9,%,SAE J1850 VPW,115200
2026-10-02T23:20:57.712Z,2382,0x06,Short-term fuel trim,0.0,%,SAE J1850 VPW,115200
2026-10-02T23:20:57.860Z,2530,0x0B,Intake manifold pressure,39,kPa,SAE J1850 VPW,115200
2026-10-02T23:20:58.000Z,2670,0x0E,Timing advance,8.5,°,SAE J1850 VPW,115200
2026-10-02T23:20:58.128Z,2798,0x14,"O2 sensor, bank 1 sensor 1",0.43,V,SAE J1850 VPW,115200
2026-10-02T23:20:58.263Z,2933,0x15,"O2 sensor, bank 1 sensor 2",0.47,V,SAE J1850 VPW,115200
2026-10-02T23:20:58.480Z,3150,0x0C,Engine RPM,802,rpm,SAE J1850 VPW,115200
2026-10-02T23:20:58.623Z,3293,0x0D,Speed,0,mph,SAE J1850 VPW,115200
2026-10-02T23:20:58.751Z,3421,0x11,Throttle,16,%,SAE J1850 VPW,115200
2026-10-02T23:20:58.879Z,3549,0x04,Engine load,9,%,SAE J1850 VPW,115200
2026-10-02T23:20:59.008Z,3678,0x06,Short-term fuel trim,0.0,%,SAE J1850 VPW,115200
2026-10-02T23:20:59.136Z,3806,0x0B,Intake manifold pressure,40,kPa,SAE J1850 VPW,115200
2026-10-02T23:20:59.279Z,3949,0x0E,Timing advance,12.0,°,SAE J1850 VPW,115200
2026-10-02T23:20:59.427Z,4097,0x14,"O2 sensor, bank 1 sensor 1",0.41,V,SAE J1850 VPW,115200
2026-10-02T23:20:59.583Z,4253,0x15,"O2 sensor, bank 1 sensor 2",0.49,V,SAE J1850 VPW,115200
2026-10-02T23:20:59.759Z,4429,0x0C,Engine RPM,810,rpm,SAE J1850 VPW,115200
2026-10-02T23:20:59.889Z,4559,0x0D,Speed,0,mph,SAE J1850 VPW,115200
2026-10-02T23:21:00.031Z,4701,0x11,Throttle,16,%,SAE J1850 VPW,115200
2026-10-02T23:21:00.175Z,4845,0x04,Engine load,9,%,SAE J1850 VPW,115200
2026-10-02T23:21:00.309Z,4979,0x06,Short-term fuel trim,0.0,%,SAE J1850 VPW,115200
2026-10-02T23:21:00.447Z,5117,0x0B,Intake manifold pressure,40,kPa,SAE J1850 VPW,115200
2026-10-02T23:21:00.575Z,5245,0x0E,Timing advance,9.0,°,SAE J1850 VPW,115200
2026-10-02T23:21:00.720Z,5390,0x14,"O2 sensor, bank 1 sensor 1",0.38,V,SAE J1850 VPW,115200
2026-10-02T23:21:00.863Z,5533,0x15,"O2 sensor, bank 1 sensor 2",0.49,V,SAE J1850 VPW,115200
2026-10-02T23:21:01.091Z,5761,0x0C,Engine RPM,821,rpm,SAE J1850 VPW,115200
2026-10-02T23:21:01.231Z,5901,0x0D,Speed,0,mph,SAE J1850 VPW,115200
2026-10-02T23:21:01.375Z,6045,0x11,Throttle,16,%,SAE J1850 VPW,115200
2026-10-02T23:21:01.536Z,6206,0x04,Engine load,9,%,SAE J1850 VPW,115200
2026-10-02T23:21:01.679Z,6349,0x06,Short-term fuel trim,0.0,%,SAE J1850 VPW,115200
2026-10-02T23:21:01.807Z,6477,0x07,Long-term fuel trim,9.4,%,SAE J1850 VPW,115200
2026-10-02T23:21:01.936Z,6606,0x05,Coolant temp,178,°F,SAE J1850 VPW,115200
2026-10-02T23:21:02.063Z,6733,0x0B,Intake manifold pressure,39,kPa,SAE J1850 VPW,115200
2026-10-02T23:21:02.241Z,6911,0x0E,Timing advance,8.5,°,SAE J1850 VPW,115200
2026-10-02T23:21:02.383Z,7053,0x14,"O2 sensor, bank 1 sensor 1",0.34,V,SAE J1850 VPW,115200
2026-10-02T23:21:02.511Z,7181,0x15,"O2 sensor, bank 1 sensor 2",0.47,V,SAE J1850 VPW,115200
2026-10-02T23:21:02.642Z,7312,0x03,Fuel system,Open loop · system fault,,SAE J1850 VPW,115200
2026-10-02T23:21:02.664Z,7334,ATRV,Battery,13.5,V,SAE J1850 VPW,115200
2026-10-02T23:21:02.864Z,7534,0x0C,Engine RPM,814,rpm,SAE J1850 VPW,115200
2026-10-02T23:21:02.992Z,7662,0x0D,Speed,0,mph,SAE J1850 VPW,115200
2026-10-02T23:21:03.119Z,7789,0x11,Throttle,16,%,SAE J1850 VPW,115200
2026-10-02T23:21:03.247Z,7917,0x04,Engine load,9,%,SAE J1850 VPW,115200
2026-10-02T23:21:03.376Z,8046,0x06,Short-term fuel trim,0.0,%,SAE J1850 VPW,115200
2026-10-02T23:21:03.507Z,8177,0x0B,Intake manifold pressure,39,kPa,SAE J1850 VPW,115200
2026-10-02T23:21:03.632Z,8302,0x0E,Timing advance,10.5,°,SAE J1850 VPW,115200
2026-10-02T23:21:03.761Z,8431,0x14,"O2 sensor, bank 1 sensor 1",0.29,V,SAE J1850 VPW,115200
2026-10-02T23:21:03.891Z,8561,0x15,"O2 sensor, bank 1 sensor 2",0.47,V,SAE J1850 VPW,115200
2026-10-02T23:21:04.095Z,8765,0x0C,Engine RPM,813,rpm,SAE J1850 VPW,115200
2026-10-02T23:21:04.240Z,8910,0x0D,Speed,0,mph,SAE J1850 VPW,115200
2026-10-02T23:21:04.367Z,9037,0x11,Throttle,16,%,SAE J1850 VPW,115200
2026-10-02T23:21:04.495Z,9165,0x04,Engine load,9,%,SAE J1850 VPW,115200
2026-10-02T23:21:04.624Z,9294,0x06,Short-term fuel trim,0.8,%,SAE J1850 VPW,115200
2026-10-02T23:21:04.783Z,9453,0x0B,Intake manifold pressure,38,kPa,SAE J1850 VPW,115200
2026-10-02T23:21:04.927Z,9597,0x0E,Timing advance,13.0,°,SAE J1850 VPW,115200
2026-10-02T23:21:05.060Z,9730,0x14,"O2 sensor, bank 1 sensor 1",0.28,V,SAE J1850 VPW,115200
2026-10-02T23:21:05.216Z,9886,0x15,"O2 sensor, bank 1 sensor 2",0.47,V,SAE J1850 VPW,115200
2026-10-02T23:21:05.411Z,10081,0x0C,Engine RPM,857,rpm,SAE J1850 VPW,115200
2026-10-02T23:21:05.537Z,10207,0x0D,Speed,0,mph,SAE J1850 VPW,115200
2026-10-02T23:21:05.680Z,10350,0x11,Throttle,16,%,SAE J1850 VPW,115200
2026-10-02T23:21:05.807Z,10477,0x04,Engine load,9,%,SAE J1850 VPW,115200
2026-10-02T23:21:05.935Z,10605,0x06,Short-term fuel trim,1.6,%,SAE J1850 VPW,115200
2026-10-02T23:21:06.063Z,10733,0x0B,Intake manifold pressure,37,kPa,SAE J1850 VPW,115200
2026-10-02T23:21:06.191Z,10861,0x0E,Timing advance,9.0,°,SAE J1850 VPW,115200
2026-10-02T23:21:06.320Z,10990,0x14,"O2 sensor, bank 1 sensor 1",0.26,V,SAE J1850 VPW,115200
2026-10-02T23:21:06.463Z,11133,0x15,"O2 sensor, bank 1 sensor 2",0.47,V,SAE J1850 VPW,115200
2026-10-02T23:21:06.659Z,11329,0x0C,Engine RPM,821,rpm,SAE J1850 VPW,115200
2026-10-02T23:21:06.799Z,11469,0x0D,Speed,0,mph,SAE J1850 VPW,115200
2026-10-02T23:21:06.943Z,11613,0x11,Throttle,16,%,SAE J1850 VPW,115200
2026-10-02T23:21:07.072Z,11742,0x04,Engine load,8,%,SAE J1850 VPW,115200
2026-10-02T23:21:07.200Z,11870,0x06,Short-term fuel trim,3.1,%,SAE J1850 VPW,115200
2026-10-02T23:21:07.344Z,12014,0x0B,Intake manifold pressure,38,kPa,SAE J1850 VPW,115200
2026-10-02T23:21:07.495Z,12165,0x0E,Timing advance,7.5,°,SAE J1850 VPW,115200
2026-10-02T23:21:07.632Z,12302,0x14,"O2 sensor, bank 1 sensor 1",0.21,V,SAE J1850 VPW,115200
2026-10-02T23:21:07.792Z,12462,0x15,"O2 sensor, bank 1 sensor 2",0.47,V,SAE J1850 VPW,115200
2026-10-02T23:21:07.984Z,12654,0x0C,Engine RPM,817,rpm,SAE J1850 VPW,115200
2026-10-02T23:21:08.111Z,12781,0x0D,Speed,0,mph,SAE J1850 VPW,115200
2026-10-02T23:21:08.256Z,12926,0x11,Throttle,16,%,SAE J1850 VPW,115200
2026-10-02T23:21:08.399Z,13069,0x04,Engine load,8,%,SAE J1850 VPW,115200
2026-10-02T23:21:08.543Z,13213,0x06,Short-term fuel trim,4.7,%,SAE J1850 VPW,115200
2026-10-02T23:21:08.690Z,13360,0x07,Long-term fuel trim,10.2,%,SAE J1850 VPW,115200
2026-10-02T23:21:08.815Z,13485,0x05,Coolant temp,178,°F,SAE J1850 VPW,115200
2026-10-02T23:21:08.960Z,13630,0x0B,Intake manifold pressure,36,kPa,SAE J1850 VPW,115200
2026-10-02T23:21:09.091Z,13761,0x0E,Timing advance,14.5,°,SAE J1850 VPW,115200
2026-10-02T23:21:09.232Z,13902,0x14,"O2 sensor, bank 1 sensor 1",0.20,V,SAE J1850 VPW,115200
2026-10-02T23:21:09.376Z,14046,0x15,"O2 sensor, bank 1 sensor 2",0.47,V,SAE J1850 VPW,115200
2026-10-02T23:21:09.508Z,14178,0x03,Fuel system,Closed loop,,SAE J1850 VPW,115200
2026-10-02T23:21:09.520Z,14190,ATRV,Battery,13.5,V,SAE J1850 VPW,115200
2026-10-02T23:21:09.728Z,14398,0x0C,Engine RPM,810,rpm,SAE J1850 VPW,115200
2026-10-02T23:21:09.875Z,14545,0x0D,Speed,0,mph,SAE J1850 VPW,115200
2026-10-02T23:21:10.047Z,14717,0x11,Throttle,16,%,SAE J1850 VPW,115200
2026-10-02T23:21:10.191Z,14861,0x04,Engine load,8,%,SAE J1850 VPW,115200
2026-10-02T23:21:10.319Z,14989,0x06,Short-term fuel trim,7.0,%,SAE J1850 VPW,115200
2026-10-02T23:21:10.480Z,15150,0x0B,Intake manifold pressure,36,kPa,SAE J1850 VPW,115200
2026-10-02T23:21:10.625Z,15295,0x0E,Timing advance,7.5,°,SAE J1850 VPW,115200
2026-10-02T23:21:10.768Z,15438,0x14,"O2 sensor, bank 1 sensor 1",0.20,V,SAE J1850 VPW,115200
2026-10-02T23:21:10.896Z,15566,0x15,"O2 sensor, bank 1 sensor 2",0.49,V,SAE J1850 VPW,115200
2026-10-02T23:21:11.078Z,15748,0x0C,Engine RPM,816,rpm,SAE J1850 VPW,115200
2026-10-02T23:21:11.215Z,15885,0x0D,Speed,0,mph,SAE J1850 VPW,115200
2026-10-02T23:21:11.343Z,16013,0x11,Throttle,16,%,SAE J1850 VPW,115200
2026-10-02T23:21:11.474Z,16144,0x04,Engine load,8,%,SAE J1850 VPW,115200
2026-10-02T23:21:11.616Z,16286,0x06,Short-term fuel trim,7.8,%,SAE J1850 VPW,115200
2026-10-02T23:21:11.760Z,16430,0x0B,Intake manifold pressure,36,kPa,SAE J1850 VPW,115200
2026-10-02T23:21:11.893Z,16563,0x0E,Timing advance,11.0,°,SAE J1850 VPW,115200
2026-10-02T23:21:12.016Z,16686,0x14,"O2 sensor, bank 1 sensor 1",0.67,V,SAE J1850 VPW,115200
2026-10-02T23:21:12.160Z,16830,0x15,"O2 sensor, bank 1 sensor 2",0.53,V,SAE J1850 VPW,115200
2026-10-02T23:21:12.336Z,17006,0x0C,Engine RPM,814,rpm,SAE J1850 VPW,115200
2026-10-02T23:21:12.464Z,17134,0x0D,Speed,0,mph,SAE J1850 VPW,115200
2026-10-02T23:21:12.610Z,17280,0x11,Throttle,16,%,SAE J1850 VPW,115200
2026-10-02T23:21:12.768Z,17438,0x04,Engine load,8,%,SAE J1850 VPW,115200
2026-10-02T23:21:12.895Z,17565,0x06,Short-term fuel trim,5.5,%,SAE J1850 VPW,115200
2026-10-02T23:21:13.023Z,17693,0x0B,Intake manifold pressure,34,kPa,SAE J1850 VPW,115200
2026-10-02T23:21:13.152Z,17822,0x0E,Timing advance,10.5,°,SAE J1850 VPW,115200
2026-10-02T23:21:13.280Z,17950,0x14,"O2 sensor, bank 1 sensor 1",0.70,V,SAE J1850 VPW,115200
2026-10-02T23:21:13.442Z,18112,0x15,"O2 sensor, bank 1 sensor 2",0.55,V,SAE J1850 VPW,115200
2026-10-02T23:21:13.632Z,18302,0x0C,Engine RPM,811,rpm,SAE J1850 VPW,115200
2026-10-02T23:21:13.808Z,18478,0x0D,Speed,0,mph,SAE J1850 VPW,115200
2026-10-02T23:21:13.967Z,18637,0x11,Throttle,16,%,SAE J1850 VPW,115200
2026-10-02T23:21:14.112Z,18782,0x04,Engine load,7,%,SAE J1850 VPW,115200
2026-10-02T23:21:14.275Z,18945,0x06,Short-term fuel trim,4.7,%,SAE J1850 VPW,115200
2026-10-02T23:21:14.432Z,19102,0x0B,Intake manifold pressure,36,kPa,SAE J1850 VPW,115200
2026-10-02T23:21:14.595Z,19265,0x0E,Timing advance,9.0,°,SAE J1850 VPW,115200
2026-10-02T23:21:14.737Z,19407,0x14,"O2 sensor, bank 1 sensor 1",0.59,V,SAE J1850 VPW,115200
2026-10-02T23:21:14.879Z,19549,0x15,"O2 sensor, bank 1 sensor 2",0.57,V,SAE J1850 VPW,115200
2026-10-02T23:21:15.091Z,19761,0x0C,Engine RPM,807,rpm,SAE J1850 VPW,115200
2026-10-02T23:21:15.232Z,19902,0x0D,Speed,0,mph,SAE J1850 VPW,115200
2026-10-02T23:21:15.378Z,20048,0x11,Throttle,16,%,SAE J1850 VPW,115200
2026-10-02T23:21:15.508Z,20178,0x04,Engine load,8,%,SAE J1850 VPW,115200
2026-10-02T23:21:15.648Z,20318,0x06,Short-term fuel trim,3.1,%,SAE J1850 VPW,115200
2026-10-02T23:21:15.798Z,20468,0x07,Long-term fuel trim,11.7,%,SAE J1850 VPW,115200
2026-10-02T23:21:15.936Z,20606,0x05,Coolant temp,178,°F,SAE J1850 VPW,115200
2026-10-02T23:21:16.079Z,20749,0x0B,Intake manifold pressure,35,kPa,SAE J1850 VPW,115200
2026-10-02T23:21:16.227Z,20897,0x0E,Timing advance,11.5,°,SAE J1850 VPW,115200
2026-10-02T23:21:16.383Z,21053,0x14,"O2 sensor, bank 1 sensor 1",0.77,V,SAE J1850 VPW,115200
2026-10-02T23:21:16.545Z,21215,0x15,"O2 sensor, bank 1 sensor 2",0.59,V,SAE J1850 VPW,115200
2026-10-02T23:21:16.694Z,21364,0x03,Fuel system,Closed loop,,SAE J1850 VPW,115200
2026-10-02T23:21:16.705Z,21375,ATRV,Battery,13.4,V,SAE J1850 VPW,115200
2026-10-02T23:21:16.912Z,21582,0x0C,Engine RPM,803,rpm,SAE J1850 VPW,115200
2026-10-02T23:21:17.074Z,21744,0x0D,Speed,0,mph,SAE J1850 VPW,115200
2026-10-02T23:21:17.215Z,21885,0x11,Throttle,16,%,SAE J1850 VPW,115200
2026-10-02T23:21:17.360Z,22030,0x04,Engine load,7,%,SAE J1850 VPW,115200
2026-10-02T23:21:17.615Z,22285,0x0B,Intake manifold pressure,36,kPa,SAE J1850 VPW,115200
2026-10-02T23:21:17.744Z,22414,0x0E,Timing advance,13.5,°,SAE J1850 VPW,115200
2026-10-02T23:21:17.878Z,22548,0x14,"O2 sensor, bank 1 sensor 1",0.70,V,SAE J1850 VPW,115200
2026-10-02T23:21:18.032Z,22702,0x15,"O2 sensor, bank 1 sensor 2",0.63,V,SAE J1850 VPW,115200
2026-10-02T23:21:18.229Z,22899,0x0C,Engine RPM,808,rpm,SAE J1850 VPW,115200
2026-10-02T23:21:18.367Z,23037,0x0D,Speed,0,mph,SAE J1850 VPW,115200
2026-10-02T23:21:18.495Z,23165,0x11,Throttle,16,%,SAE J1850 VPW,115200
2026-10-02T23:21:18.626Z,23296,0x04,Engine load,7,%,SAE J1850 VPW,115200
2026-10-02T23:21:18.800Z,23470,0x06,Short-term fuel trim,2.3,%,SAE J1850 VPW,115200
2026-10-02T23:21:18.961Z,23631,0x0B,Intake manifold pressure,34,kPa,SAE J1850 VPW,115200
2026-10-02T23:21:19.088Z,23758,0x0E,Timing advance,12.5,°,SAE J1850 VPW,115200
2026-10-02T23:21:19.232Z,23902,0x14,"O2 sensor, bank 1 sensor 1",0.70,V,SAE J1850 VPW,115200
2026-10-02T23:21:19.408Z,24078,0x15,"O2 sensor, bank 1 sensor 2",0.63,V,SAE J1850 VPW,115200
2026-10-02T23:21:19.600Z,24270,0x0C,Engine RPM,804,rpm,SAE J1850 VPW,115200
2026-10-02T23:21:19.743Z,24413,0x0D,Speed,0,mph,SAE J1850 VPW,115200
2026-10-02T23:21:19.904Z,24574,0x11,Throttle,16,%,SAE J1850 VPW,115200
2026-10-02T23:21:20.048Z,24718,0x04,Engine load,8,%,SAE J1850 VPW,115200
2026-10-02T23:21:20.196Z,24866,0x06,Short-term fuel trim,1.6,%,SAE J1850 VPW,115200
2026-10-02T23:21:20.352Z,25022,0x0B,Intake manifold pressure,34,kPa,SAE J1850 VPW,115200
2026-10-02T23:21:20.496Z,25166,0x0E,Timing advance,13.0,°,SAE J1850 VPW,115200
2026-10-02T23:21:20.629Z,25299,0x14,"O2 sensor, bank 1 sensor 1",0.49,V,SAE J1850 VPW,115200
2026-10-02T23:21:20.800Z,25470,0x15,"O2 sensor, bank 1 sensor 2",0.63,V,SAE J1850 VPW,115200
2026-10-02T23:21:20.992Z,25662,0x0C,Engine RPM,802,rpm,SAE J1850 VPW,115200
2026-10-02T23:21:21.136Z,25806,0x0D,Speed,0,mph,SAE J1850 VPW,115200
2026-10-02T23:21:21.280Z,25950,0x11,Throttle,16,%,SAE J1850 VPW,115200
2026-10-02T23:21:21.425Z,26095,0x04,Engine load,8,%,SAE J1850 VPW,115200
2026-10-02T23:21:21.568Z,26238,0x06,Short-term fuel trim,0.0,%,SAE J1850 VPW,115200
2026-10-02T23:21:21.715Z,26385,0x0B,Intake manifold pressure,35,kPa,SAE J1850 VPW,115200
2026-10-02T23:21:21.863Z,26533,0x0E,Timing advance,13.0,°,SAE J1850 VPW,115200
2026-10-02T23:21:22.000Z,26670,0x14,"O2 sensor, bank 1 sensor 1",0.65,V,SAE J1850 VPW,115200
2026-10-02T23:21:22.129Z,26799,0x15,"O2 sensor, bank 1 sensor 2",0.67,V,SAE J1850 VPW,115200
2026-10-02T23:21:22.344Z,27014,0x0C,Engine RPM,804,rpm,SAE J1850 VPW,115200
2026-10-02T23:21:22.469Z,27139,0x0D,Speed,0,mph,SAE J1850 VPW,115200
2026-10-02T23:21:22.610Z,27280,0x11,Throttle,16,%,SAE J1850 VPW,115200
2026-10-02T23:21:22.752Z,27422,0x04,Engine load,7,%,SAE J1850 VPW,115200
2026-10-02T23:21:22.881Z,27551,0x06,Short-term fuel trim,0.8,%,SAE J1850 VPW,115200
2026-10-02T23:21:23.026Z,27696,0x07,Long-term fuel trim,13.3,%,SAE J1850 VPW,115200
2026-10-02T23:21:23.152Z,27822,0x05,Coolant temp,178,°F,SAE J1850 VPW,115200
2026-10-02T23:21:23.296Z,27966,0x0B,Intake manifold pressure,34,kPa,SAE J1850 VPW,115200
2026-10-02T23:21:23.459Z,28129,0x0E,Timing advance,14.5,°,SAE J1850 VPW,115200
2026-10-02T23:21:23.600Z,28270,0x14,"O2 sensor, bank 1 sensor 1",0.39,V,SAE J1850 VPW,115200
2026-10-02T23:21:23.744Z,28414,0x15,"O2 sensor, bank 1 sensor 2",0.63,V,SAE J1850 VPW,115200
2026-10-02T23:21:23.877Z,28547,0x03,Fuel system,Closed loop,,SAE J1850 VPW,115200
2026-10-02T23:21:23.895Z,28565,ATRV,Battery,13.5,V,SAE J1850 VPW,115200
2026-10-02T23:21:24.111Z,28781,0x0C,Engine RPM,801,rpm,SAE J1850 VPW,115200
2026-10-02T23:21:24.282Z,28952,0x0D,Speed,0,mph,SAE J1850 VPW,115200
2026-10-02T23:21:24.432Z,29102,0x11,Throttle,16,%,SAE J1850 VPW,115200
2026-10-02T23:21:24.560Z,29230,0x04,Engine load,7,%,SAE J1850 VPW,115200
2026-10-02T23:21:24.690Z,29360,0x06,Short-term fuel trim,0.8,%,SAE J1850 VPW,115200
2026-10-02T23:21:24.832Z,29502,0x0B,Intake manifold pressure,35,kPa,SAE J1850 VPW,115200
2026-10-02T23:21:24.980Z,29650,0x0E,Timing advance,12.0,°,SAE J1850 VPW,115200
2026-10-02T23:21:25.121Z,29791,0x14,"O2 sensor, bank 1 sensor 1",0.47,V,SAE J1850 VPW,115200
2026-10-02T23:21:25.264Z,29934,0x15,"O2 sensor, bank 1 sensor 2",0.65,V,SAE J1850 VPW,115200
2026-10-02T23:21:25.475Z,30145,0x0C,Engine RPM,801,rpm,SAE J1850 VPW,115200
2026-10-02T23:21:25.616Z,30286,0x0D,Speed,0,mph,SAE J1850 VPW,115200
2026-10-02T23:21:25.776Z,30446,0x11,Throttle,16,%,SAE J1850 VPW,115200
2026-10-02T23:21:25.937Z,30607,0x04,Engine load,8,%,SAE J1850 VPW,115200
2026-10-02T23:21:26.096Z,30766,0x06,Short-term fuel trim,3.9,%,SAE J1850 VPW,115200
2026-10-02T23:21:26.244Z,30914,0x0B,Intake manifold pressure,36,kPa,SAE J1850 VPW,115200
2026-10-02T23:21:26.384Z,31054,0x0E,Timing advance,9.5,°,SAE J1850 VPW,115200
2026-10-02T23:21:26.528Z,31198,0x14,"O2 sensor, bank 1 sensor 1",0.74,V,SAE J1850 VPW,115200
2026-10-02T23:21:26.677Z,31347,0x15,"O2 sensor, bank 1 sensor 2",0.69,V,SAE J1850 VPW,115200
2026-10-02T23:21:26.864Z,31534,0x0C,Engine RPM,817,rpm,SAE J1850 VPW,115200
2026-10-02T23:21:27.008Z,31678,0x0D,Speed,0,mph,SAE J1850 VPW,115200
2026-10-02T23:21:27.152Z,31822,0x11,Throttle,16,%,SAE J1850 VPW,115200
2026-10-02T23:21:27.297Z,31967,0x04,Engine load,7,%,SAE J1850 VPW,115200
2026-10-02T23:21:27.444Z,32114,0x06,Short-term fuel trim,3.1,%,SAE J1850 VPW,115200
2026-10-02T23:21:27.600Z,32270,0x0B,Intake manifold pressure,34,kPa,SAE J1850 VPW,115200
2026-10-02T23:21:27.744Z,32414,0x0E,Timing advance,13.0,°,SAE J1850 VPW,115200
2026-10-02T23:21:27.876Z,32546,0x14,"O2 sensor, bank 1 sensor 1",0.67,V,SAE J1850 VPW,115200
2026-10-02T23:21:28.032Z,32702,0x15,"O2 sensor, bank 1 sensor 2",0.67,V,SAE J1850 VPW,115200
2026-10-02T23:21:28.226Z,32896,0x0C,Engine RPM,807,rpm,SAE J1850 VPW,115200
2026-10-02T23:21:28.369Z,33039,0x0D,Speed,0,mph,SAE J1850 VPW,115200
2026-10-02T23:21:28.512Z,33182,0x11,Throttle,16,%,SAE J1850 VPW,115200
2026-10-02T23:21:28.645Z,33315,0x04,Engine load,8,%,SAE J1850 VPW,115200
2026-10-02T23:21:28.784Z,33454,0x06,Short-term fuel trim,0.0,%,SAE J1850 VPW,115200
2026-10-02T23:21:28.928Z,33598,0x0B,Intake manifold pressure,35,kPa,SAE J1850 VPW,115200
2026-10-02T23:21:29.089Z,33759,0x0E,Timing advance,11.5,°,SAE J1850 VPW,115200
2026-10-02T23:21:29.232Z,33902,0x14,"O2 sensor, bank 1 sensor 1",0.38,V,SAE J1850 VPW,115200
2026-10-02T23:21:29.377Z,34047,0x15,"O2 sensor, bank 1 sensor 2",0.61,V,SAE J1850 VPW,115200
2026-10-02T23:21:29.568Z,34238,0x0C,Engine RPM,808,rpm,SAE J1850 VPW,115200
2026-10-02T23:21:29.712Z,34382,0x0D,Speed,0,mph,SAE J1850 VPW,115200
2026-10-02T23:21:29.874Z,34544,0x11,Throttle,16,%,SAE J1850 VPW,115200
2026-10-02T23:21:30.016Z,34686,0x04,Engine load,7,%,SAE J1850 VPW,115200
2026-10-02T23:21:30.146Z,34816,0x06,Short-term fuel trim,-0.8,%,SAE J1850 VPW,115200
2026-10-02T23:21:30.289Z,34959,0x07,Long-term fuel trim,14.8,%,SAE J1850 VPW,115200
2026-10-02T23:21:30.432Z,35102,0x05,Coolant temp,178,°F,SAE J1850 VPW,115200
2026-10-02T23:21:30.565Z,35235,0x0B,Intake manifold pressure,35,kPa,SAE J1850 VPW,115200
2026-10-02T23:21:30.704Z,35374,0x0E,Timing advance,10.5,°,SAE J1850 VPW,115200
2026-10-02T23:21:30.848Z,35518,0x14,"O2 sensor, bank 1 sensor 1",0.69,V,SAE J1850 VPW,115200
2026-10-02T23:21:30.991Z,35661,0x15,"O2 sensor, bank 1 sensor 2",0.70,V,SAE J1850 VPW,115200
2026-10-02T23:21:31.120Z,35790,0x03,Fuel system,Closed loop,,SAE J1850 VPW,115200
2026-10-02T23:21:31.136Z,35806,ATRV,Battery,13.2,V,SAE J1850 VPW,115200
2026-10-02T23:21:31.345Z,36015,0x0C,Engine RPM,807,rpm,SAE J1850 VPW,115200
2026-10-02T23:21:31.488Z,36158,0x0D,Speed,0,mph,SAE J1850 VPW,115200
2026-10-02T23:21:31.632Z,36302,0x11,Throttle,16,%,SAE J1850 VPW,115200
2026-10-02T23:21:31.764Z,36434,0x04,Engine load,7,%,SAE J1850 VPW,115200
2026-10-02T23:21:31.889Z,36559,0x06,Short-term fuel trim,1.6,%,SAE J1850 VPW,115200
2026-10-02T23:21:32.048Z,36718,0x0B,Intake manifold pressure,35,kPa,SAE J1850 VPW,115200
2026-10-02T23:21:32.193Z,36863,0x0E,Timing advance,12.0,°,SAE J1850 VPW,115200
2026-10-02T23:21:32.336Z,37006,0x14,"O2 sensor, bank 1 sensor 1",0.29,V,SAE J1850 VPW,115200
2026-10-02T23:21:32.480Z,37150,0x15,"O2 sensor, bank 1 sensor 2",0.59,V,SAE J1850 VPW,115200
2026-10-02T23:21:32.676Z,37346,0x0C,Engine RPM,795,rpm,SAE J1850 VPW,115200
2026-10-02T23:21:32.815Z,37485,0x0D,Speed,0,mph,SAE J1850 VPW,115200
2026-10-02T23:21:32.975Z,37645,0x11,Throttle,16,%,SAE J1850 VPW,115200
2026-10-02T23:21:33.120Z,37790,0x04,Engine load,8,%,SAE J1850 VPW,115200
2026-10-02T23:21:33.247Z,37917,0x06,Short-term fuel trim,-0.8,%,SAE J1850 VPW,115200
2026-10-02T23:21:33.378Z,38048,0x0B,Intake manifold pressure,35,kPa,SAE J1850 VPW,115200
2026-10-02T23:21:33.506Z,38176,0x0E,Timing advance,9.5,°,SAE J1850 VPW,115200
2026-10-02T23:21:33.680Z,38350,0x14,"O2 sensor, bank 1 sensor 1",0.67,V,SAE J1850 VPW,115200
2026-10-02T23:21:33.811Z,38481,0x15,"O2 sensor, bank 1 sensor 2",0.70,V,SAE J1850 VPW,115200
2026-10-02T23:21:34.016Z,38686,0x0C,Engine RPM,894,rpm,SAE J1850 VPW,115200
2026-10-02T23:21:34.143Z,38813,0x0D,Speed,0,mph,SAE J1850 VPW,115200
2026-10-02T23:21:34.303Z,38973,0x11,Throttle,16,%,SAE J1850 VPW,115200
2026-10-02T23:21:34.481Z,39151,0x04,Engine load,6,%,SAE J1850 VPW,115200
2026-10-02T23:21:34.628Z,39298,0x06,Short-term fuel trim,2.3,%,SAE J1850 VPW,115200
2026-10-02T23:21:34.768Z,39438,0x0B,Intake manifold pressure,49,kPa,SAE J1850 VPW,115200
2026-10-02T23:21:34.899Z,39569,0x0E,Timing advance,7.5,°,SAE J1850 VPW,115200
2026-10-02T23:21:35.044Z,39714,0x14,"O2 sensor, bank 1 sensor 1",0.08,V,SAE J1850 VPW,115200
2026-10-02T23:21:35.184Z,39854,0x15,"O2 sensor, bank 1 sensor 2",0.39,V,SAE J1850 VPW,115200
2026-10-02T23:21:35.375Z,40045,0x0C,Engine RPM,835,rpm,SAE J1850 VPW,115200
2026-10-02T23:21:35.503Z,40173,0x0D,Speed,0,mph,SAE J1850 VPW,115200
2026-10-02T23:21:35.631Z,40301,0x11,Throttle,16,%,SAE J1850 VPW,115200
2026-10-02T23:21:35.775Z,40445,0x04,Engine load,6,%,SAE J1850 VPW,115200
2026-10-02T23:21:35.920Z,40590,0x06,Short-term fuel trim,6.3,%,SAE J1850 VPW,115200
2026-10-02T23:21:36.065Z,40735,0x0B,Intake manifold pressure,48,kPa,SAE J1850 VPW,115200
2026-10-02T23:21:36.198Z,40868,0x0E,Timing advance,1.5,°,SAE J1850 VPW,115200
2026-10-02T23:21:36.352Z,41022,0x14,"O2 sensor, bank 1 sensor 1",0.06,V,SAE J1850 VPW,115200
2026-10-02T23:21:36.500Z,41170,0x15,"O2 sensor, bank 1 sensor 2",0.34,V,SAE J1850 VPW,115200
2026-10-02T23:21:36.720Z,41390,0x0C,Engine RPM,854,rpm,SAE J1850 VPW,115200
2026-10-02T23:21:36.864Z,41534,0x0D,Speed,2,mph,SAE J1850 VPW,115200
2026-10-02T23:21:37.012Z,41682,0x11,Throttle,16,%,SAE J1850 VPW,115200
2026-10-02T23:21:37.152Z,41822,0x04,Engine load,6,%,SAE J1850 VPW,115200
2026-10-02T23:21:37.296Z,41966,0x06,Short-term fuel trim,10.2,%,SAE J1850 VPW,115200
2026-10-02T23:21:37.467Z,42137,0x07,Long-term fuel trim,7.8,%,SAE J1850 VPW,115200
2026-10-02T23:21:37.616Z,42286,0x05,Coolant temp,180,°F,SAE J1850 VPW,115200
2026-10-02T23:21:37.761Z,42431,0x0B,Intake manifold pressure,44,kPa,SAE J1850 VPW,115200
2026-10-02T23:21:37.925Z,42595,0x0E,Timing advance,7.0,°,SAE J1850 VPW,115200
2026-10-02T23:21:38.064Z,42734,0x14,"O2 sensor, bank 1 sensor 1",0.70,V,SAE J1850 VPW,115200
2026-10-02T23:21:38.194Z,42864,0x15,"O2 sensor, bank 1 sensor 2",0.74,V,SAE J1850 VPW,115200
2026-10-02T23:21:38.336Z,43006,0x03,Fuel system,Closed loop,,SAE J1850 VPW,115200
2026-10-02T23:21:38.352Z,43022,ATRV,Battery,13.5,V,SAE J1850 VPW,115200
2026-10-02T23:21:38.547Z,43217,0x0C,Engine RPM,868,rpm,SAE J1850 VPW,115200
2026-10-02T23:21:38.720Z,43390,0x0D,Speed,4,mph,SAE J1850 VPW,115200
2026-10-02T23:21:38.879Z,43549,0x11,Throttle,16,%,SAE J1850 VPW,115200
2026-10-02T23:21:39.029Z,43699,0x04,Engine load,5,%,SAE J1850 VPW,115200
2026-10-02T23:21:39.168Z,43838,0x06,Short-term fuel trim,6.3,%,SAE J1850 VPW,115200
2026-10-02T23:21:39.312Z,43982,0x0B,Intake manifold pressure,41,kPa,SAE J1850 VPW,115200
2026-10-02T23:21:39.472Z,44142,0x0E,Timing advance,8.0,°,SAE J1850 VPW,115200
2026-10-02T23:21:39.616Z,44286,0x14,"O2 sensor, bank 1 sensor 1",0.67,V,SAE J1850 VPW,115200
2026-10-02T23:21:39.778Z,44448,0x15,"O2 sensor, bank 1 sensor 2",0.72,V,SAE J1850 VPW,115200
2026-10-02T23:21:39.984Z,44654,0x0C,Engine RPM,820,rpm,SAE J1850 VPW,115200
2026-10-02T23:21:40.151Z,44821,0x0D,Speed,4,mph,SAE J1850 VPW,115200
2026-10-02T23:21:40.289Z,44959,0x11,Throttle,16,%,SAE J1850 VPW,115200
2026-10-02T23:21:40.432Z,45102,0x04,Engine load,5,%,SAE J1850 VPW,115200
2026-10-02T23:21:40.560Z,45230,0x06,Short-term fuel trim,9.4,%,SAE J1850 VPW,115200
2026-10-02T23:21:40.690Z,45360,0x0B,Intake manifold pressure,41,kPa,SAE J1850 VPW,115200
2026-10-02T23:21:40.832Z,45502,0x0E,Timing advance,7.5,°,SAE J1850 VPW,115200
2026-10-02T23:21:40.978Z,45648,0x14,"O2 sensor, bank 1 sensor 1",0.77,V,SAE J1850 VPW,115200
2026-10-02T23:21:41.120Z,45790,0x15,"O2 sensor, bank 1 sensor 2",0.77,V,SAE J1850 VPW,115200
2026-10-02T23:21:41.313Z,45983,0x0C,Engine RPM,833,rpm,SAE J1850 VPW,115200
2026-10-02T23:21:41.456Z,46126,0x0D,Speed,4,mph,SAE J1850 VPW,115200
2026-10-02T23:21:41.584Z,46254,0x11,Throttle,16,%,SAE J1850 VPW,115200
2026-10-02T23:21:41.728Z,46398,0x04,Engine load,5,%,SAE J1850 VPW,115200
2026-10-02T23:21:41.873Z,46543,0x06,Short-term fuel trim,4.7,%,SAE J1850 VPW,115200
2026-10-02T23:21:42.000Z,46670,0x0B,Intake manifold pressure,41,kPa,SAE J1850 VPW,115200
2026-10-02T23:21:42.129Z,46799,0x0E,Timing advance,14.0,°,SAE J1850 VPW,115200
2026-10-02T23:21:42.257Z,46927,0x14,"O2 sensor, bank 1 sensor 1",0.65,V,SAE J1850 VPW,115200
2026-10-02T23:21:42.416Z,47086,0x15,"O2 sensor, bank 1 sensor 2",0.74,V,SAE J1850 VPW,115200
2026-10-02T23:21:42.611Z,47281,0x0C,Engine RPM,819,rpm,SAE J1850 VPW,115200
2026-10-02T23:21:42.753Z,47423,0x0D,Speed,3,mph,SAE J1850 VPW,115200
2026-10-02T23:21:42.879Z,47549,0x11,Throttle,16,%,SAE J1850 VPW,115200
2026-10-02T23:21:43.020Z,47690,0x04,Engine load,5,%,SAE J1850 VPW,115200
2026-10-02T23:21:43.184Z,47854,0x06,Short-term fuel trim,4.7,%,SAE J1850 VPW,115200
2026-10-02T23:21:43.313Z,47983,0x0B,Intake manifold pressure,41,kPa,SAE J1850 VPW,115200
2026-10-02T23:21:43.456Z,48126,0x0E,Timing advance,16.5,°,SAE J1850 VPW,115200
2026-10-02T23:21:43.631Z,48301,0x14,"O2 sensor, bank 1 sensor 1",0.67,V,SAE J1850 VPW,115200
2026-10-02T23:21:43.760Z,48430,0x15,"O2 sensor, bank 1 sensor 2",0.74,V,SAE J1850 VPW,115200
2026-10-02T23:21:43.952Z,48622,0x0C,Engine RPM,791,rpm,SAE J1850 VPW,115200
2026-10-02T23:21:44.082Z,48752,0x0D,Speed,1,mph,SAE J1850 VPW,115200
2026-10-02T23:21:44.248Z,48918,0x11,Throttle,16,%,SAE J1850 VPW,115200
2026-10-02T23:21:44.384Z,49054,0x04,Engine load,5,%,SAE J1850 VPW,115200
2026-10-02T23:21:44.528Z,49198,0x06,Short-term fuel trim,3.9,%,SAE J1850 VPW,115200
2026-10-02T23:21:44.672Z,49342,0x07,Long-term fuel trim,10.2,%,SAE J1850 VPW,115200
2026-10-02T23:21:44.800Z,49470,0x05,Coolant temp,181,°F,SAE J1850 VPW,115200
2026-10-02T23:21:44.944Z,49614,0x0B,Intake manifold pressure,42,kPa,SAE J1850 VPW,115200
2026-10-02T23:21:45.074Z,49744,0x0E,Timing advance,20.0,°,SAE J1850 VPW,115200
2026-10-02T23:21:45.232Z,49902,0x14,"O2 sensor, bank 1 sensor 1",0.26,V,SAE J1850 VPW,115200
2026-10-02T23:21:45.376Z,50046,0x15,"O2 sensor, bank 1 sensor 2",0.67,V,SAE J1850 VPW,115200
2026-10-02T23:21:45.504Z,50174,0x03,Fuel system,Closed loop,,SAE J1850 VPW,115200
2026-10-02T23:21:45.520Z,50190,ATRV,Battery,13.3,V,SAE J1850 VPW,115200
2026-10-02T23:21:45.696Z,50366,0x0C,Engine RPM,802,rpm,SAE J1850 VPW,115200
2026-10-02T23:21:45.826Z,50496,0x0D,Speed,1,mph,SAE J1850 VPW,115200
2026-10-02T23:21:45.968Z,50638,0x11,Throttle,16,%,SAE J1850 VPW,115200
2026-10-02T23:21:46.112Z,50782,0x04,Engine load,5,%,SAE J1850 VPW,115200
2026-10-02T23:21:46.262Z,50932,0x06,Short-term fuel trim,3.9,%,SAE J1850 VPW,115200
2026-10-02T23:21:46.400Z,51070,0x0B,Intake manifold pressure,43,kPa,SAE J1850 VPW,115200
2026-10-02T23:21:46.544Z,51214,0x0E,Timing advance,15.0,°,SAE J1850 VPW,115200
2026-10-02T23:21:46.689Z,51359,0x14,"O2 sensor, bank 1 sensor 1",0.23,V,SAE J1850 VPW,115200
2026-10-02T23:21:46.833Z,51503,0x15,"O2 sensor, bank 1 sensor 2",0.61,V,SAE J1850 VPW,115200
2026-10-02T23:21:47.012Z,51682,0x0C,Engine RPM,795,rpm,SAE J1850 VPW,115200
2026-10-02T23:21:47.136Z,51806,0x0D,Speed,2,mph,SAE J1850 VPW,115200
2026-10-02T23:21:47.263Z,51933,0x11,Throttle,16,%,SAE J1850 VPW,115200
2026-10-02T23:21:47.391Z,52061,0x04,Engine load,5,%,SAE J1850 VPW,115200
2026-10-02T23:21:47.538Z,52208,0x06,Short-term fuel trim,3.1,%,SAE J1850 VPW,115200
2026-10-02T23:21:47.680Z,52350,0x0B,Intake manifold pressure,41,kPa,SAE J1850 VPW,115200
2026-10-02T23:21:47.830Z,52500,0x0E,Timing advance,20.0,°,SAE J1850 VPW,115200
2026-10-02T23:21:47.984Z,52654,0x14,"O2 sensor, bank 1 sensor 1",0.61,V,SAE J1850 VPW,115200
2026-10-02T23:21:48.134Z,52804,0x15,"O2 sensor, bank 1 sensor 2",0.74,V,SAE J1850 VPW,115200
2026-10-02T23:21:48.320Z,52990,0x0C,Engine RPM,798,rpm,SAE J1850 VPW,115200
2026-10-02T23:21:48.464Z,53134,0x0D,Speed,3,mph,SAE J1850 VPW,115200
2026-10-02T23:21:48.592Z,53262,0x11,Throttle,16,%,SAE J1850 VPW,115200
2026-10-02T23:21:48.737Z,53407,0x04,Engine load,5,%,SAE J1850 VPW,115200
2026-10-02T23:21:48.912Z,53582,0x06,Short-term fuel trim,2.3,%,SAE J1850 VPW,115200
2026-10-02T23:21:49.056Z,53726,0x0B,Intake manifold pressure,43,kPa,SAE J1850 VPW,115200
2026-10-02T23:21:49.200Z,53870,0x0E,Timing advance,19.0,°,SAE J1850 VPW,115200
2026-10-02T23:21:49.343Z,54013,0x14,"O2 sensor, bank 1 sensor 1",0.28,V,SAE J1850 VPW,115200
2026-10-02T23:21:49.491Z,54161,0x15,"O2 sensor, bank 1 sensor 2",0.67,V,SAE J1850 VPW,115200
2026-10-02T23:21:49.683Z,54353,0x0C,Engine RPM,814,rpm,SAE J1850 VPW,115200
2026-10-02T23:21:49.831Z,54501,0x0D,Speed,4,mph,SAE J1850 VPW,115200
2026-10-02T23:21:49.967Z,54637,0x11,Throttle,19,%,SAE J1850 VPW,115200
2026-10-02T23:21:50.098Z,54768,0x04,Engine load,10,%,SAE J1850 VPW,115200
2026-10-02T23:21:50.246Z,54916,0x06,Short-term fuel trim,1.6,%,SAE J1850 VPW,115200
2026-10-02T23:21:50.384Z,55054,0x0B,Intake manifold pressure,49,kPa,SAE J1850 VPW,115200
2026-10-02T23:21:50.529Z,55199,0x0E,Timing advance,25.5,°,SAE J1850 VPW,115200
2026-10-02T23:21:50.674Z,55344,0x14,"O2 sensor, bank 1 sensor 1",0.63,V,SAE J1850 VPW,115200
2026-10-02T23:21:50.816Z,55486,0x15,"O2 sensor, bank 1 sensor 2",0.70,V,SAE J1850 VPW,115200
2026-10-02T23:21:51.014Z,55684,0x0C,Engine RPM,1283,rpm,SAE J1850 VPW,115200
2026-10-02T23:21:51.152Z,55822,0x0D,Speed,6,mph,SAE J1850 VPW,115200
2026-10-02T23:21:51.296Z,55966,0x11,Throttle,19,%,SAE J1850 VPW,115200
2026-10-02T23:21:51.441Z,56111,0x04,Engine load,10,%,SAE J1850 VPW,115200
2026-10-02T23:21:51.600Z,56270,0x06,Short-term fuel trim,-0.8,%,SAE J1850 VPW,115200
2026-10-02T23:21:51.745Z,56415,0x07,Long-term fuel trim,14.8,%,SAE J1850 VPW,115200
2026-10-02T23:21:51.904Z,56574,0x05,Coolant temp,181,°F,SAE J1850 VPW,115200
2026-10-02T23:21:52.049Z,56719,0x0B,Intake manifold pressure,45,kPa,SAE J1850 VPW,115200
2026-10-02T23:21:52.201Z,56871,0x0E,Timing advance,28.5,°,SAE J1850 VPW,115200
2026-10-02T23:21:52.352Z,57022,0x14,"O2 sensor, bank 1 sensor 1",0.82,V,SAE J1850 VPW,115200
2026-10-02T23:21:52.496Z,57166,0x15,"O2 sensor, bank 1 sensor 2",0.82,V,SAE J1850 VPW,115200
2026-10-02T23:21:52.629Z,57299,0x03,Fuel system,Closed loop,,SAE J1850 VPW,115200
2026-10-02T23:21:52.649Z,57319,ATRV,Battery,13.5,V,SAE J1850 VPW,115200
2026-10-02T23:21:52.848Z,57518,0x0C,Engine RPM,1411,rpm,SAE J1850 VPW,115200
2026-10-02T23:21:52.994Z,57664,0x0D,Speed,8,mph,SAE J1850 VPW,115200
2026-10-02T23:21:53.136Z,57806,0x11,Throttle,19,%,SAE J1850 VPW,115200
2026-10-02T23:21:53.264Z,57934,0x04,Engine load,10,%,SAE J1850 VPW,115200
2026-10-02T23:21:53.392Z,58062,0x06,Short-term fuel trim,2.3,%,SAE J1850 VPW,115200
2026-10-02T23:21:53.549Z,58219,0x0B,Intake manifold pressure,39,kPa,SAE J1850 VPW,115200
2026-10-02T23:21:53.699Z,58369,0x0E,Timing advance,32.5,°,SAE J1850 VPW,115200
2026-10-02T23:21:53.830Z,58500,0x14,"O2 sensor, bank 1 sensor 1",0.10,V,SAE J1850 VPW,115200
2026-10-02T23:21:53.984Z,58654,0x15,"O2 sensor, bank 1 sensor 2",0.29,V,SAE J1850 VPW,115200
2026-10-02T23:21:54.178Z,58848,0x0C,Engine RPM,1579,rpm,SAE J1850 VPW,115200
2026-10-02T23:21:54.320Z,58990,0x0D,Speed,9,mph,SAE J1850 VPW,115200
2026-10-02T23:21:54.464Z,59134,0x11,Throttle,19,%,SAE J1850 VPW,115200
2026-10-02T23:21:54.627Z,59297,0x04,Engine load,9,%,SAE J1850 VPW,115200
2026-10-02T23:21:54.752Z,59422,0x06,Short-term fuel trim,0.8,%,SAE J1850 VPW,115200
2026-10-02T23:21:54.880Z,59550,0x0B,Intake manifold pressure,36,kPa,SAE J1850 VPW,115200
2026-10-02T23:21:55.012Z,59682,0x0E,Timing advance,39.0,°,SAE J1850 VPW,115200
2026-10-02T23:21:55.137Z,59807,0x14,"O2 sensor, bank 1 sensor 1",0.38,V,SAE J1850 VPW,115200
2026-10-02T23:21:55.280Z,59950,0x15,"O2 sensor, bank 1 sensor 2",0.61,V,SAE J1850 VPW,115200
2026-10-02T23:21:55.472Z,60142,0x0C,Engine RPM,1685,rpm,SAE J1850 VPW,115200
2026-10-02T23:21:55.616Z,60286,0x0D,Speed,10,mph,SAE J1850 VPW,115200
2026-10-02T23:21:55.744Z,60414,0x11,Throttle,19,%,SAE J1850 VPW,115200
2026-10-02T23:21:55.872Z,60542,0x04,Engine load,8,%,SAE J1850 VPW,115200
2026-10-02T23:21:56.033Z,60703,0x06,Short-term fuel trim,5.5,%,SAE J1850 VPW,115200
2026-10-02T23:21:56.195Z,60865,0x0B,Intake manifold pressure,43,kPa,SAE J1850 VPW,115200
2026-10-02T23:21:56.320Z,60990,0x0E,Timing advance,28.0,°,SAE J1850 VPW,115200
2026-10-02T23:21:56.485Z,61155,0x14,"O2 sensor, bank 1 sensor 1",0.06,V,SAE J1850 VPW,115200
2026-10-02T23:21:56.646Z,61316,0x15,"O2 sensor, bank 1 sensor 2",0.29,V,SAE J1850 VPW,115200
2026-10-02T23:21:56.848Z,61518,0x0C,Engine RPM,1295,rpm,SAE J1850 VPW,115200
2026-10-02T23:21:56.992Z,61662,0x0D,Speed,12,mph,SAE J1850 VPW,115200
2026-10-02T23:21:57.136Z,61806,0x11,Throttle,16,%,SAE J1850 VPW,115200
2026-10-02T23:21:57.264Z,61934,0x04,Engine load,7,%,SAE J1850 VPW,115200
2026-10-02T23:21:57.393Z,62063,0x06,Short-term fuel trim,0.8,%,SAE J1850 VPW,115200
2026-10-02T23:21:57.536Z,62206,0x0B,Intake manifold pressure,35,kPa,SAE J1850 VPW,115200
2026-10-02T23:21:57.682Z,62352,0x0E,Timing advance,22.0,°,SAE J1850 VPW,115200
2026-10-02T23:21:57.850Z,62520,0x14,"O2 sensor, bank 1 sensor 1",0.88,V,SAE J1850 VPW,115200
2026-10-02T23:21:57.984Z,62654,0x15,"O2 sensor, bank 1 sensor 2",0.88,V,SAE J1850 VPW,115200
2026-10-02T23:21:58.178Z,62848,0x0C,Engine RPM,1063,rpm,SAE J1850 VPW,115200
2026-10-02T23:21:58.320Z,62990,0x0D,Speed,12,mph,SAE J1850 VPW,115200
2026-10-02T23:21:58.464Z,63134,0x11,Throttle,16,%,SAE J1850 VPW,115200
2026-10-02T23:21:58.598Z,63268,0x04,Engine load,6,%,SAE J1850 VPW,115200
2026-10-02T23:21:58.736Z,63406,0x06,Short-term fuel trim,-3.9,%,SAE J1850 VPW,115200
2026-10-02T23:21:58.883Z,63553,0x07,Long-term fuel trim,11.7,%,SAE J1850 VPW,115200
2026-10-02T23:21:59.016Z,63686,0x05,Coolant temp,185,°F,SAE J1850 VPW,115200
2026-10-02T23:21:59.152Z,63822,0x0B,Intake manifold pressure,36,kPa,SAE J1850 VPW,115200
2026-10-02T23:21:59.280Z,63950,0x0E,Timing advance,8.5,°,SAE J1850 VPW,115200
2026-10-02T23:21:59.430Z,64100,0x14,"O2 sensor, bank 1 sensor 1",0.84,V,SAE J1850 VPW,115200
2026-10-02T23:21:59.584Z,64254,0x15,"O2 sensor, bank 1 sensor 2",0.88,V,SAE J1850 VPW,115200
2026-10-02T23:21:59.728Z,64398,0x03,Fuel system,Closed loop,,SAE J1850 VPW,115200
2026-10-02T23:21:59.745Z,64415,ATRV,Battery,13.3,V,SAE J1850 VPW,115200
2026-10-02T23:21:59.936Z,64606,0x0C,Engine RPM,935,rpm,SAE J1850 VPW,115200
2026-10-02T23:22:00.064Z,64734,0x0D,Speed,10,mph,SAE J1850 VPW,115200
2026-10-02T23:22:00.208Z,64878,0x11,Throttle,16,%,SAE J1850 VPW,115200
2026-10-02T23:22:00.336Z,65006,0x04,Engine load,5,%,SAE J1850 VPW,115200
2026-10-02T23:22:00.480Z,65150,0x06,Short-term fuel trim,-2.3,%,SAE J1850 VPW,115200
2026-10-02T23:22:00.630Z,65300,0x0B,Intake manifold pressure,40,kPa,SAE J1850 VPW,115200
2026-10-02T23:22:00.800Z,65470,0x0E,Timing advance,13.5,°,SAE J1850 VPW,115200
2026-10-02T23:22:00.962Z,65632,0x14,"O2 sensor, bank 1 sensor 1",0.08,V,SAE J1850 VPW,115200
2026-10-02T23:22:01.120Z,65790,0x15,"O2 sensor, bank 1 sensor 2",0.34,V,SAE J1850 VPW,115200
2026-10-02T23:22:01.313Z,65983,0x0C,Engine RPM,850,rpm,SAE J1850 VPW,115200
2026-10-02T23:22:01.457Z,66127,0x0D,Speed,7,mph,SAE J1850 VPW,115200
2026-10-02T23:22:01.600Z,66270,0x11,Throttle,16,%,SAE J1850 VPW,115200
2026-10-02T23:22:01.744Z,66414,0x04,Engine load,6,%,SAE J1850 VPW,115200
2026-10-02T23:22:01.873Z,66543,0x06,Short-term fuel trim,3.1,%,SAE J1850 VPW,115200
2026-10-02T23:22:02.003Z,66673,0x0B,Intake manifold pressure,43,kPa,SAE J1850 VPW,115200
2026-10-02T23:22:02.147Z,66817,0x0E,Timing advance,15.0,°,SAE J1850 VPW,115200
2026-10-02T23:22:02.289Z,66959,0x14,"O2 sensor, bank 1 sensor 1",0.06,V,SAE J1850 VPW,115200
2026-10-02T23:22:02.454Z,67124,0x15,"O2 sensor, bank 1 sensor 2",0.21,V,SAE J1850 VPW,115200
2026-10-02T23:22:02.642Z,67312,0x0C,Engine RPM,842,rpm,SAE J1850 VPW,115200
2026-10-02T23:22:02.768Z,67438,0x0D,Speed,4,mph,SAE J1850 VPW,115200
2026-10-02T23:22:02.896Z,67566,0x11,Throttle,16,%,SAE J1850 VPW,115200
2026-10-02T23:22:03.042Z,67712,0x04,Engine load,6,%,SAE J1850 VPW,115200
2026-10-02T23:22:03.184Z,67854,0x06,Short-term fuel trim,6.3,%,SAE J1850 VPW,115200
2026-10-02T23:22:03.313Z,67983,0x0B,Intake manifold pressure,44,kPa,SAE J1850 VPW,115200
2026-10-02T23:22:03.459Z,68129,0x0E,Timing advance,10.5,°,SAE J1850 VPW,115200
2026-10-02T23:22:03.584Z,68254,0x14,"O2 sensor, bank 1 sensor 1",0.08,V,SAE J1850 VPW,115200
2026-10-02T23:22:03.716Z,68386,0x15,"O2 sensor, bank 1 sensor 2",0.17,V,SAE J1850 VPW,115200
2026-10-02T23:22:03.920Z,68590,0x0C,Engine RPM,785,rpm,SAE J1850 VPW,115200
2026-10-02T23:22:04.064Z,68734,0x0D,Speed,1,mph,SAE J1850 VPW,115200
2026-10-02T23:22:04.191Z,68861,0x11,Throttle,16,%,SAE J1850 VPW,115200
2026-10-02T23:22:04.321Z,68991,0x04,Engine load,5,%,SAE J1850 VPW,115200
2026-10-02T23:22:04.464Z,69134,0x06,Short-term fuel trim,3.9,%,SAE J1850 VPW,115200
2026-10-02T23:22:04.613Z,69283,0x0B,Intake manifold pressure,44,kPa,SAE J1850 VPW,115200
2026-10-02T23:22:04.768Z,69438,0x0E,Timing advance,11.0,°,SAE J1850 VPW,115200
2026-10-02T23:22:04.913Z,69583,0x14,"O2 sensor, bank 1 sensor 1",0.82,V,SAE J1850 VPW,115200
2026-10-02T23:22:05.058Z,69728,0x15,"O2 sensor, bank 1 sensor 2",0.86,V,SAE J1850 VPW,115200
2026-10-02T23:22:05.248Z,69918,0x0C,Engine RPM,788,rpm,SAE J1850 VPW,115200
2026-10-02T23:22:05.376Z,70046,0x0D,Speed,0,mph,SAE J1850 VPW,115200
2026-10-02T23:22:05.504Z,70174,0x11,Throttle,16,%,SAE J1850 VPW,115200
2026-10-02T23:22:05.633Z,70303,0x04,Engine load,5,%,SAE J1850 VPW,115200
2026-10-02T23:22:05.764Z,70434,0x06,Short-term fuel trim,2.3,%,SAE J1850 VPW,115200
2026-10-02T23:22:05.888Z,70558,0x07,Long-term fuel trim,8.6,%,SAE J1850 VPW,115200
2026-10-02T23:22:06.048Z,70718,0x05,Coolant temp,187,°F,SAE J1850 VPW,115200
2026-10-02T23:22:06.194Z,70864,0x0B,Intake manifold pressure,51,kPa,SAE J1850 VPW,115200
2026-10-02T23:22:06.320Z,70990,0x0E,Timing advance,8.0,°,SAE J1850 VPW,115200
2026-10-02T23:22:06.480Z,71150,0x14,"O2 sensor, bank 1 sensor 1",0.86,V,SAE J1850 VPW,115200
2026-10-02T23:22:06.629Z,71299,0x15,"O2 sensor, bank 1 sensor 2",0.88,V,SAE J1850 VPW,115200
2026-10-02T23:22:06.768Z,71438,0x03,Fuel system,Closed loop,,SAE J1850 VPW,115200
2026-10-02T23:22:06.784Z,71454,ATRV,Battery,13.4,V,SAE J1850 VPW,115200
2026-10-02T23:22:06.977Z,71647,0x0C,Engine RPM,1332,rpm,SAE J1850 VPW,115200
2026-10-02T23:22:07.120Z,71790,0x0D,Speed,4,mph,SAE J1850 VPW,115200
2026-10-02T23:22:07.264Z,71934,0x11,Throttle,20,%,SAE J1850 VPW,115200
2026-10-02T23:22:07.410Z,72080,0x04,Engine load,12,%,SAE J1850 VPW,115200
2026-10-02T23:22:07.552Z,72222,0x06,Short-term fuel trim,6.3,%,SAE J1850 VPW,115200
2026-10-02T23:22:07.701Z,72371,0x0B,Intake manifold pressure,52,kPa,SAE J1850 VPW,115200
2026-10-02T23:22:07.863Z,72533,0x0E,Timing advance,25.5,°,SAE J1850 VPW,115200
2026-10-02T23:22:08.016Z,72686,0x14,"O2 sensor, bank 1 sensor 1",0.34,V,SAE J1850 VPW,115200
2026-10-02T23:22:08.165Z,72835,0x15,"O2 sensor, bank 1 sensor 2",0.57,V,SAE J1850 VPW,115200
2026-10-02T23:22:08.352Z,73022,0x0C,Engine RPM,1473,rpm,SAE J1850 VPW,115200
2026-10-02T23:22:08.497Z,73167,0x0D,Speed,6,mph,SAE J1850 VPW,115200
2026-10-02T23:22:08.626Z,73296,0x11,Throttle,21,%,SAE J1850 VPW,115200
2026-10-02T23:22:08.752Z,73422,0x04,Engine load,13,%,SAE J1850 VPW,115200
2026-10-02T23:22:08.880Z,73550,0x06,Short-term fuel trim,7.8,%,SAE J1850 VPW,115200
2026-10-02T23:22:09.015Z,73685,0x0B,Intake manifold pressure,55,kPa,SAE J1850 VPW,115200
2026-10-02T23:22:09.152Z,73822,0x0E,Timing advance,27.5,°,SAE J1850 VPW,115200
2026-10-02T23:22:09.280Z,73950,0x14,"O2 sensor, bank 1 sensor 1",0.67,V,SAE J1850 VPW,115200
2026-10-02T23:22:09.433Z,74103,0x15,"O2 sensor, bank 1 sensor 2",0.74,V,SAE J1850 VPW,115200
2026-10-02T23:22:09.632Z,74302,0x0C,Engine RPM,1683,rpm,SAE J1850 VPW,115200
2026-10-02T23:22:09.761Z,74431,0x0D,Speed,9,mph,SAE J1850 VPW,115200
2026-10-02T23:22:09.904Z,74574,0x11,Throttle,23,%,SAE J1850 VPW,115200
2026-10-02T23:22:10.064Z,74734,0x04,Engine load,17,%,SAE J1850 VPW,115200
2026-10-02T23:22:10.200Z,74870,0x06,Short-term fuel trim,1.6,%,SAE J1850 VPW,115200
2026-10-02T23:22:10.336Z,75006,0x0B,Intake manifold pressure,59,kPa,SAE J1850 VPW,115200
2026-10-02T23:22:10.487Z,75157,0x0E,Timing advance,30.0,°,SAE J1850 VPW,115200
2026-10-02T23:22:10.630Z,75300,0x14,"O2 sensor, bank 1 sensor 1",0.61,V,SAE J1850 VPW,115200
2026-10-02T23:22:10.768Z,75438,0x15,"O2 sensor, bank 1 sensor 2",0.82,V,SAE J1850 VPW,115200
2026-10-02T23:22:10.997Z,75667,0x0C,Engine RPM,1852,rpm,SAE J1850 VPW,115200
2026-10-02T23:22:11.137Z,75807,0x0D,Speed,11,mph,SAE J1850 VPW,115200
2026-10-02T23:22:11.280Z,75950,0x11,Throttle,25,%,SAE J1850 VPW,115200
2026-10-02T23:22:11.427Z,76097,0x04,Engine load,19,%,SAE J1850 VPW,115200
2026-10-02T23:22:11.568Z,76238,0x06,Short-term fuel trim,10.9,%,SAE J1850 VPW,115200
2026-10-02T23:22:11.697Z,76367,0x0B,Intake manifold pressure,72,kPa,SAE J1850 VPW,115200
2026-10-02T23:22:11.828Z,76498,0x0E,Timing advance,24.0,°,SAE J1850 VPW,115200
2026-10-02T23:22:11.985Z,76655,0x14,"O2 sensor, bank 1 sensor 1",0.70,V,SAE J1850 VPW,115200
2026-10-02T23:22:12.130Z,76800,0x15,"O2 sensor, bank 1 sensor 2",0.86,V,SAE J1850 VPW,115200
2026-10-02T23:22:12.321Z,76991,0x0C,Engine RPM,1983,rpm,SAE J1850 VPW,115200
2026-10-02T23:22:12.465Z,77135,0x0D,Speed,14,mph,SAE J1850 VPW,115200
2026-10-02T23:22:12.611Z,77281,0x11,Throttle,27,%,SAE J1850 VPW,115200
2026-10-02T23:22:12.752Z,77422,0x04,Engine load,25,%,SAE J1850 VPW,115200
2026-10-02T23:22:12.880Z,77550,0x06,Short-term fuel trim,1.6,%,SAE J1850 VPW,115200
2026-10-02T23:22:13.046Z,77716,0x07,Long-term fuel trim,7.8,%,SAE J1850 VPW,115200
2026-10-02T23:22:13.201Z,77871,0x05,Coolant temp,189,°F,SAE J1850 VPW,115200
2026-10-02T23:22:13.331Z,78001,0x0B,Intake manifold pressure,73,kPa,SAE J1850 VPW,115200
2026-10-02T23:22:13.489Z,78159,0x0E,Timing advance,25.5,°,SAE J1850 VPW,115200
2026-10-02T23:22:13.632Z,78302,0x14,"O2 sensor, bank 1 sensor 1",0.53,V,SAE J1850 VPW,115200
2026-10-02T23:22:13.762Z,78432,0x15,"O2 sensor, bank 1 sensor 2",0.49,V,SAE J1850 VPW,115200
2026-10-02T23:22:13.888Z,78558,0x03,Fuel system,Closed loop,,SAE J1850 VPW,115200
2026-10-02T23:22:13.904Z,78574,ATRV,Battery,13.6,V,SAE J1850 VPW,115200
2026-10-02T23:22:14.097Z,78767,0x0C,Engine RPM,2097,rpm,SAE J1850 VPW,115200
2026-10-02T23:22:14.230Z,78900,0x0D,Speed,18,mph,SAE J1850 VPW,115200
2026-10-02T23:22:14.352Z,79022,0x11,Throttle,28,%,SAE J1850 VPW,115200
2026-10-02T23:22:14.480Z,79150,0x04,Engine load,25,%,SAE J1850 VPW,115200
2026-10-02T23:22:14.610Z,79280,0x06,Short-term fuel trim,3.9,%,SAE J1850 VPW,115200
2026-10-02T23:22:14.752Z,79422,0x0B,Intake manifold pressure,73,kPa,SAE J1850 VPW,115200
2026-10-02T23:22:14.881Z,79551,0x0E,Timing advance,27.5,°,SAE J1850 VPW,115200
2026-10-02T23:22:15.025Z,79695,0x14,"O2 sensor, bank 1 sensor 1",0.34,V,SAE J1850 VPW,115200
2026-10-02T23:22:15.153Z,79823,0x15,"O2 sensor, bank 1 sensor 2",0.35,V,SAE J1850 VPW,115200
2026-10-02T23:22:15.333Z,80003,0x0C,Engine RPM,2172,rpm,SAE J1850 VPW,115200
2026-10-02T23:22:15.457Z,80127,0x0D,Speed,20,mph,SAE J1850 VPW,115200
2026-10-02T23:22:15.584Z,80254,0x11,Throttle,28,%,SAE J1850 VPW,115200
2026-10-02T23:22:15.712Z,80382,0x04,Engine load,26,%,SAE J1850 VPW,115200
2026-10-02T23:22:15.842Z,80512,0x06,Short-term fuel trim,-0.8,%,SAE J1850 VPW,115200
2026-10-02T23:22:15.970Z,80640,0x0B,Intake manifold pressure,70,kPa,SAE J1850 VPW,115200
2026-10-02T23:22:16.118Z,80788,0x0E,Timing advance,28.5,°,SAE J1850 VPW,115200
2026-10-02T23:22:16.257Z,80927,0x14,"O2 sensor, bank 1 sensor 1",0.55,V,SAE J1850 VPW,115200
2026-10-02T23:22:16.400Z,81070,0x15,"O2 sensor, bank 1 sensor 2",0.35,V,SAE J1850 VPW,115200
2026-10-02T23:22:16.595Z,81265,0x0C,Engine RPM,2279,rpm,SAE J1850 VPW,115200
2026-10-02T23:22:16.736Z,81406,0x0D,Speed,22,mph,SAE J1850 VPW,115200
2026-10-02T23:22:16.896Z,81566,0x11,Throttle,28,%,SAE J1850 VPW,115200
2026-10-02T23:22:17.040Z,81710,0x04,Engine load,26,%,SAE J1850 VPW,115200
2026-10-02T23:22:17.184Z,81854,0x06,Short-term fuel trim,4.7,%,SAE J1850 VPW,115200
2026-10-02T23:22:17.333Z,82003,0x0B,Intake manifold pressure,68,kPa,SAE J1850 VPW,115200
2026-10-02T23:22:17.473Z,82143,0x0E,Timing advance,30.5,°,SAE J1850 VPW,115200
2026-10-02T23:22:17.616Z,82286,0x14,"O2 sensor, bank 1 sensor 1",0.15,V,SAE J1850 VPW,115200
2026-10-02T23:22:17.766Z,82436,0x15,"O2 sensor, bank 1 sensor 2",0.63,V,SAE J1850 VPW,115200
2026-10-02T23:22:17.953Z,82623,0x0C,Engine RPM,2170,rpm,SAE J1850 VPW,115200
2026-10-02T23:22:18.083Z,82753,0x0D,Speed,24,mph,SAE J1850 VPW,115200
2026-10-02T23:22:18.226Z,82896,0x11,Throttle,28,%,SAE J1850 VPW,115200
2026-10-02T23:22:18.368Z,83038,0x04,Engine load,25,%,SAE J1850 VPW,115200
2026-10-02T23:22:18.513Z,83183,0x06,Short-term fuel trim,-2.3,%,SAE J1850 VPW,115200
2026-10-02T23:22:18.641Z,83311,0x0B,Intake manifold pressure,74,kPa,SAE J1850 VPW,115200
2026-10-02T23:22:18.768Z,83438,0x0E,Timing advance,25.0,°,SAE J1850 VPW,115200
2026-10-02T23:22:18.897Z,83567,0x14,"O2 sensor, bank 1 sensor 1",0.69,V,SAE J1850 VPW,115200
2026-10-02T23:22:19.057Z,83727,0x15,"O2 sensor, bank 1 sensor 2",0.67,V,SAE J1850 VPW,115200
2026-10-02T23:22:19.249Z,83919,0x0C,Engine RPM,2089,rpm,SAE J1850 VPW,115200
2026-10-02T23:22:19.377Z,84047,0x0D,Speed,25,mph,SAE J1850 VPW,115200
2026-10-02T23:22:19.504Z,84174,0x11,Throttle,28,%,SAE J1850 VPW,115200
2026-10-02T23:22:19.632Z,84302,0x04,Engine load,26,%,SAE J1850 VPW,115200
2026-10-02T23:22:19.762Z,84432,0x06,Short-term fuel trim,0.8,%,SAE J1850 VPW,115200
2026-10-02T23:22:19.905Z,84575,0x07,Long-term fuel trim,10.2,%,SAE J1850 VPW,115200
2026-10-02T23:22:20.064Z,84734,0x05,Coolant temp,194,°F,SAE J1850 VPW,115200
2026-10-02T23:22:20.199Z,84869,0x0B,Intake manifold pressure,74,kPa,SAE J1850 VPW,115200
2026-10-02T23:22:20.336Z,85006,0x0E,Timing advance,25.5,°,SAE J1850 VPW,115200
2026-10-02T23:22:20.465Z,85135,0x14,"O2 sensor, bank 1 sensor 1",0.47,V,SAE J1850 VPW,115200
2026-10-02T23:22:20.632Z,85302,0x15,"O2 sensor, bank 1 sensor 2",0.29,V,SAE J1850 VPW,115200
2026-10-02T23:22:20.768Z,85438,0x03,Fuel system,Closed loop,,SAE J1850 VPW,115200
2026-10-02T23:22:20.785Z,85455,ATRV,Battery,13.5,V,SAE J1850 VPW,115200
2026-10-02T23:22:20.978Z,85648,0x0C,Engine RPM,2113,rpm,SAE J1850 VPW,115200
2026-10-02T23:22:21.104Z,85774,0x0D,Speed,27,mph,SAE J1850 VPW,115200
2026-10-02T23:22:21.264Z,85934,0x11,Throttle,27,%,SAE J1850 VPW,115200
2026-10-02T23:22:21.396Z,86066,0x04,Engine load,23,%,SAE J1850 VPW,115200
2026-10-02T23:22:21.520Z,86190,0x06,Short-term fuel trim,0.0,%,SAE J1850 VPW,115200
2026-10-02T23:22:21.649Z,86319,0x0B,Intake manifold pressure,62,kPa,SAE J1850 VPW,115200
2026-10-02T23:22:21.783Z,86453,0x0E,Timing advance,29.5,°,SAE J1850 VPW,115200
2026-10-02T23:22:21.920Z,86590,0x14,"O2 sensor, bank 1 sensor 1",0.26,V,SAE J1850 VPW,115200
2026-10-02T23:22:22.085Z,86755,0x15,"O2 sensor, bank 1 sensor 2",0.26,V,SAE J1850 VPW,115200
2026-10-02T23:22:22.273Z,86943,0x0C,Engine RPM,1939,rpm,SAE J1850 VPW,115200
2026-10-02T23:22:22.400Z,87070,0x0D,Speed,29,mph,SAE J1850 VPW,115200
2026-10-02T23:22:22.528Z,87198,0x11,Throttle,24,%,SAE J1850 VPW,115200
2026-10-02T23:22:22.673Z,87343,0x04,Engine load,19,%,SAE J1850 VPW,115200
2026-10-02T23:22:22.816Z,87486,0x06,Short-term fuel trim,-3.9,%,SAE J1850 VPW,115200
2026-10-02T23:22:22.964Z,87634,0x0B,Intake manifold pressure,60,kPa,SAE J1850 VPW,115200
2026-10-02T23:22:23.089Z,87759,0x0E,Timing advance,30.5,°,SAE J1850 VPW,115200
2026-10-02T23:22:23.216Z,87886,0x14,"O2 sensor, bank 1 sensor 1",0.49,V,SAE J1850 VPW,115200
2026-10-02T23:22:23.363Z,88033,0x15,"O2 sensor, bank 1 sensor 2",0.72,V,SAE J1850 VPW,115200
2026-10-02T23:22:23.553Z,88223,0x0C,Engine RPM,1941,rpm,SAE J1850 VPW,115200
2026-10-02T23:22:23.697Z,88367,0x0D,Speed,29,mph,SAE J1850 VPW,115200
2026-10-02T23:22:23.828Z,88498,0x11,Throttle,24,%,SAE J1850 VPW,115200
2026-10-02T23:22:23.968Z,88638,0x04,Engine load,18,%,SAE J1850 VPW,115200
2026-10-02T23:22:24.096Z,88766,0x06,Short-term fuel trim,0.8,%,SAE J1850 VPW,115200
2026-10-02T23:22:24.229Z,88899,0x0B,Intake manifold pressure,58,kPa,SAE J1850 VPW,115200
2026-10-02T23:22:24.353Z,89023,0x0E,Timing advance,31.0,°,SAE J1850 VPW,115200
2026-10-02T23:22:24.481Z,89151,0x14,"O2 sensor, bank 1 sensor 1",0.59,V,SAE J1850 VPW,115200
2026-10-02T23:22:24.624Z,89294,0x15,"O2 sensor, bank 1 sensor 2",0.74,V,SAE J1850 VPW,115200
2026-10-02T23:22:24.817Z,89487,0x0C,Engine RPM,1952,rpm,SAE J1850 VPW,115200
2026-10-02T23:22:24.960Z,89630,0x0D,Speed,29,mph,SAE J1850 VPW,115200
2026-10-02T23:22:25.088Z,89758,0x11,Throttle,24,%,SAE J1850 VPW,115200
2026-10-02T23:22:25.216Z,89886,0x04,Engine load,19,%,SAE J1850 VPW,115200
2026-10-02T23:22:25.345Z,90015,0x06,Short-term fuel trim,3.1,%,SAE J1850 VPW,115200
2026-10-02T23:22:25.473Z,90143,0x0B,Intake manifold pressure,58,kPa,SAE J1850 VPW,115200
2026-10-02T23:22:25.616Z,90286,0x0E,Timing advance,31.0,°,SAE J1850 VPW,115200
2026-10-02T23:22:25.745Z,90415,0x14,"O2 sensor, bank 1 sensor 1",0.26,V,SAE J1850 VPW,115200
2026-10-02T23:22:25.889Z,90559,0x15,"O2 sensor, bank 1 sensor 2",0.23,V,SAE J1850 VPW,115200
2026-10-02T23:22:26.083Z,90753,0x0C,Engine RPM,1977,rpm,SAE J1850 VPW,115200
2026-10-02T23:22:26.214Z,90884,0x0D,Speed,30,mph,SAE J1850 VPW,115200
2026-10-02T23:22:26.336Z,91006,0x11,Throttle,23,%,SAE J1850 VPW,115200
2026-10-02T23:22:26.464Z,91134,0x04,Engine load,17,%,SAE J1850 VPW,115200
2026-10-02T23:22:26.594Z,91264,0x06,Short-term fuel trim,-3.1,%,SAE J1850 VPW,115200
2026-10-02T23:22:26.737Z,91407,0x07,Long-term fuel trim,10.2,%,SAE J1850 VPW,115200
2026-10-02T23:22:26.882Z,91552,0x05,Coolant temp,192,°F,SAE J1850 VPW,115200
2026-10-02T23:22:27.012Z,91682,0x0B,Intake manifold pressure,52,kPa,SAE J1850 VPW,115200
2026-10-02T23:22:27.137Z,91807,0x0E,Timing advance,33.5,°,SAE J1850 VPW,115200
2026-10-02T23:22:27.265Z,91935,0x14,"O2 sensor, bank 1 sensor 1",0.47,V,SAE J1850 VPW,115200
2026-10-02T23:22:27.397Z,92067,0x15,"O2 sensor, bank 1 sensor 2",0.29,V,SAE J1850 VPW,115200
2026-10-02T23:22:27.584Z,92254,0x03,Fuel system,Closed loop,,SAE J1850 VPW,115200
2026-10-02T23:22:27.601Z,92271,ATRV,Battery,13.3,V,SAE J1850 VPW,115200
2026-10-02T23:22:27.796Z,92466,0x0C,Engine RPM,1965,rpm,SAE J1850 VPW,115200
2026-10-02T23:22:27.954Z,92624,0x0D,Speed,31,mph,SAE J1850 VPW,115200
2026-10-02T23:22:28.096Z,92766,0x11,Throttle,24,%,SAE J1850 VPW,115200
2026-10-02T23:22:28.240Z,92910,0x04,Engine load,20,%,SAE J1850 VPW,115200
2026-10-02T23:22:28.384Z,93054,0x06,Short-term fuel trim,0.0,%,SAE J1850 VPW,115200
2026-10-02T23:22:28.513Z,93183,0x0B,Intake manifold pressure,62,kPa,SAE J1850 VPW,115200
2026-10-02T23:22:28.656Z,93326,0x0E,Timing advance,30.0,°,SAE J1850 VPW,115200
2026-10-02T23:22:28.784Z,93454,0x14,"O2 sensor, bank 1 sensor 1",0.77,V,SAE J1850 VPW,115200
2026-10-02T23:22:28.944Z,93614,0x15,"O2 sensor, bank 1 sensor 2",0.70,V,SAE J1850 VPW,115200
2026-10-02T23:22:29.136Z,93806,0x0C,Engine RPM,2084,rpm,SAE J1850 VPW,115200
2026-10-02T23:22:29.265Z,93935,0x0D,Speed,32,mph,SAE J1850 VPW,115200
2026-10-02T23:22:29.392Z,94062,0x11,Throttle,26,%,SAE J1850 VPW,115200
2026-10-02T23:22:29.536Z,94206,0x04,Engine load,22,%,SAE J1850 VPW,115200
2026-10-02T23:22:29.680Z,94350,0x06,Short-term fuel trim,2.3,%,SAE J1850 VPW,115200
2026-10-02T23:22:29.824Z,94494,0x0B,Intake manifold pressure,62,kPa,SAE J1850 VPW,115200
2026-10-02T23:22:29.968Z,94638,0x0E,Timing advance,30.5,°,SAE J1850 VPW,115200
2026-10-02T23:22:30.113Z,94783,0x14,"O2 sensor, bank 1 sensor 1",0.23,V,SAE J1850 VPW,115200
2026-10-02T23:22:30.256Z,94926,0x15,"O2 sensor, bank 1 sensor 2",0.81,V,SAE J1850 VPW,115200
2026-10-02T23:22:30.464Z,95134,0x0C,Engine RPM,2121,rpm,SAE J1850 VPW,115200
2026-10-02T23:22:30.594Z,95264,0x0D,Speed,32,mph,SAE J1850 VPW,115200
2026-10-02T23:22:30.736Z,95406,0x11,Throttle,25,%,SAE J1850 VPW,115200
2026-10-02T23:22:30.882Z,95552,0x04,Engine load,23,%,SAE J1850 VPW,115200
2026-10-02T23:22:31.011Z,95681,0x06,Short-term fuel trim,-1.6,%,SAE J1850 VPW,115200
2026-10-02T23:22:31.137Z,95807,0x0B,Intake manifold pressure,63,kPa,SAE J1850 VPW,115200
2026-10-02T23:22:31.264Z,95934,0x0E,Timing advance,31.0,°,SAE J1850 VPW,115200
2026-10-02T23:22:31.410Z,96080,0x14,"O2 sensor, bank 1 sensor 1",0.69,V,SAE J1850 VPW,115200
2026-10-02T23:22:31.568Z,96238,0x15,"O2 sensor, bank 1 sensor 2",0.74,V,SAE J1850 VPW,115200
2026-10-02T23:22:31.788Z,96458,0x0C,Engine RPM,2167,rpm,SAE J1850 VPW,115200
2026-10-02T23:22:31.937Z,96607,0x0D,Speed,34,mph,SAE J1850 VPW,115200
2026-10-02T23:22:32.080Z,96750,0x11,Throttle,25,%,SAE J1850 VPW,115200
2026-10-02T23:22:32.224Z,96894,0x04,Engine load,23,%,SAE J1850 VPW,115200
2026-10-02T23:22:32.368Z,97038,0x06,Short-term fuel trim,-2.3,%,SAE J1850 VPW,115200
2026-10-02T23:22:32.513Z,97183,0x0B,Intake manifold pressure,62,kPa,SAE J1850 VPW,115200
2026-10-02T23:22:32.641Z,97311,0x0E,Timing advance,30.5,°,SAE J1850 VPW,115200
2026-10-02T23:22:32.769Z,97439,0x14,"O2 sensor, bank 1 sensor 1",0.74,V,SAE J1850 VPW,115200
2026-10-02T23:22:32.913Z,97583,0x15,"O2 sensor, bank 1 sensor 2",0.67,V,SAE J1850 VPW,115200
2026-10-02T23:22:33.105Z,97775,0x0C,Engine RPM,1974,rpm,SAE J1850 VPW,115200
2026-10-02T23:22:33.248Z,97918,0x0D,Speed,34,mph,SAE J1850 VPW,115200
2026-10-02T23:22:33.376Z,98046,0x11,Throttle,25,%,SAE J1850 VPW,115200
2026-10-02T23:22:33.520Z,98190,0x04,Engine load,22,%,SAE J1850 VPW,115200
2026-10-02T23:22:33.648Z,98318,0x06,Short-term fuel trim,-2.3,%,SAE J1850 VPW,115200
2026-10-02T23:22:33.781Z,98451,0x07,Long-term fuel trim,9.4,%,SAE J1850 VPW,115200
2026-10-02T23:22:33.904Z,98574,0x05,Coolant temp,192,°F,SAE J1850 VPW,115200
2026-10-02T23:22:34.050Z,98720,0x0B,Intake manifold pressure,68,kPa,SAE J1850 VPW,115200
2026-10-02T23:22:34.183Z,98853,0x0E,Timing advance,27.0,°,SAE J1850 VPW,115200
2026-10-02T23:22:34.321Z,98991,0x14,"O2 sensor, bank 1 sensor 1",0.69,V,SAE J1850 VPW,115200
2026-10-02T23:22:34.482Z,99152,0x15,"O2 sensor, bank 1 sensor 2",0.35,V,SAE J1850 VPW,115200
2026-10-02T23:22:34.625Z,99295,0x03,Fuel system,Closed loop,,SAE J1850 VPW,115200
2026-10-02T23:22:34.642Z,99312,ATRV,Battery,13.4,V,SAE J1850 VPW,115200
2026-10-02T23:22:34.833Z,99503,0x0C,Engine RPM,1936,rpm,SAE J1850 VPW,115200
2026-10-02T23:22:34.962Z,99632,0x0D,Speed,35,mph,SAE J1850 VPW,115200
2026-10-02T23:22:35.088Z,99758,0x11,Throttle,25,%,SAE J1850 VPW,115200
2026-10-02T23:22:35.216Z,99886,0x04,Engine load,22,%,SAE J1850 VPW,115200
2026-10-02T23:22:35.361Z,100031,0x06,Short-term fuel trim,1.6,%,SAE J1850 VPW,115200
2026-10-02T23:22:35.505Z,100175,0x0B,Intake manifold pressure,68,kPa,SAE J1850 VPW,115200
2026-10-02T23:22:35.634Z,100304,0x0E,Timing advance,27.5,°,SAE J1850 VPW,115200
2026-10-02T23:22:35.764Z,100434,0x14,"O2 sensor, bank 1 sensor 1",0.35,V,SAE J1850 VPW,115200
2026-10-02T23:22:35.889Z,100559,0x15,"O2 sensor, bank 1 sensor 2",0.21,V,SAE J1850 VPW,115200
2026-10-02T23:22:36.081Z,100751,0x0C,Engine RPM,1946,rpm,SAE J1850 VPW,115200
2026-10-02T23:22:36.226Z,100896,0x0D,Speed,36,mph,SAE J1850 VPW,115200
2026-10-02T23:22:36.368Z,101038,0x11,Throttle,25,%,SAE J1850 VPW,115200
2026-10-02T23:22:36.512Z,101182,0x04,Engine load,22,%,SAE J1850 VPW,115200
2026-10-02T23:22:36.641Z,101311,0x06,Short-term fuel trim,-3.9,%,SAE J1850 VPW,115200
2026-10-02T23:22:36.768Z,101438,0x0B,Intake manifold pressure,66,kPa,SAE J1850 VPW,115200
2026-10-02T23:22:36.917Z,101587,0x0E,Timing advance,27.5,°,SAE J1850 VPW,115200
2026-10-02T23:22:37.057Z,101727,0x14,"O2 sensor, bank 1 sensor 1",0.61,V,SAE J1850 VPW,115200
2026-10-02T23:22:37.201Z,101871,0x15,"O2 sensor, bank 1 sensor 2",0.32,V,SAE J1850 VPW,115200
2026-10-02T23:22:37.393Z,102063,0x0C,Engine RPM,1948,rpm,SAE J1850 VPW,115200
2026-10-02T23:22:37.521Z,102191,0x0D,Speed,37,mph,SAE J1850 VPW,115200
2026-10-02T23:22:37.648Z,102318,0x11,Throttle,25,%,SAE J1850 VPW,115200
2026-10-02T23:22:37.778Z,102448,0x04,Engine load,21,%,SAE J1850 VPW,115200
2026-10-02T23:22:37.904Z,102574,0x06,Short-term fuel trim,-4.7,%,SAE J1850 VPW,115200
2026-10-02T23:22:38.034Z,102704,0x0B,Intake manifold pressure,66,kPa,SAE J1850 VPW,115200
2026-10-02T23:22:38.176Z,102846,0x0E,Timing advance,27.5,°,SAE J1850 VPW,115200
2026-10-02T23:22:38.321Z,102991,0x14,"O2 sensor, bank 1 sensor 1",0.59,V,SAE J1850 VPW,115200
2026-10-02T23:22:38.466Z,103136,0x15,"O2 sensor, bank 1 sensor 2",0.82,V,SAE J1850 VPW,115200
2026-10-02T23:22:38.641Z,103311,0x0C,Engine RPM,1943,rpm,SAE J1850 VPW,115200
2026-10-02T23:22:38.784Z,103454,0x0D,Speed,37,mph,SAE J1850 VPW,115200
2026-10-02T23:22:38.928Z,103598,0x11,Throttle,25,%,SAE J1850 VPW,115200
2026-10-02T23:22:39.072Z,103742,0x04,Engine load,21,%,SAE J1850 VPW,115200
2026-10-02T23:22:39.201Z,103871,0x06,Short-term fuel trim,0.8,%,SAE J1850 VPW,115200
2026-10-02T23:22:39.334Z,104004,0x0B,Intake manifold pressure,61,kPa,SAE J1850 VPW,115200
2026-10-02T23:22:39.473Z,104143,0x0E,Timing advance,30.0,°,SAE J1850 VPW,115200
2026-10-02T23:22:39.633Z,104303,0x14,"O2 sensor, bank 1 sensor 1",0.59,V,SAE J1850 VPW,115200
2026-10-02T23:22:39.763Z,104433,0x15,"O2 sensor, bank 1 sensor 2",0.34,V,SAE J1850 VPW,115200
2026-10-02T23:22:39.985Z,104655,0x0C,Engine RPM,1845,rpm,SAE J1850 VPW,115200
2026-10-02T23:22:40.134Z,104804,0x0D,Speed,37,mph,SAE J1850 VPW,115200
2026-10-02T23:22:40.289Z,104959,0x11,Throttle,24,%,SAE J1850 VPW,115200
2026-10-02T23:22:40.449Z,105119,0x04,Engine load,18,%,SAE J1850 VPW,115200
2026-10-02T23:22:40.581Z,105251,0x06,Short-term fuel trim,-3.9,%,SAE J1850 VPW,115200
2026-10-02T23:22:40.705Z,105375,0x07,Long-term fuel trim,9.4,%,SAE J1850 VPW,115200
2026-10-02T23:22:40.866Z,105536,0x05,Coolant temp,192,°F,SAE J1850 VPW,115200
2026-10-02T23:22:41.009Z,105679,0x0B,Intake manifold pressure,61,kPa,SAE J1850 VPW,115200
2026-10-02T23:22:41.137Z,105807,0x0E,Timing advance,29.0,°,SAE J1850 VPW,115200
2026-10-02T23:22:41.282Z,105952,0x14,"O2 sensor, bank 1 sensor 1",0.57,V,SAE J1850 VPW,115200
2026-10-02T23:22:41.441Z,106111,0x15,"O2 sensor, bank 1 sensor 2",0.20,V,SAE J1850 VPW,115200
2026-10-02T23:22:41.584Z,106254,0x03,Fuel system,Closed loop,,SAE J1850 VPW,115200
2026-10-02T23:22:41.602Z,106272,ATRV,Battery,13.5,V,SAE J1850 VPW,115200
2026-10-02T23:22:41.797Z,106467,0x0C,Engine RPM,1855,rpm,SAE J1850 VPW,115200
2026-10-02T23:22:41.953Z,106623,0x0D,Speed,38,mph,SAE J1850 VPW,115200
2026-10-02T23:22:42.099Z,106769,0x11,Throttle,25,%,SAE J1850 VPW,115200
2026-10-02T23:22:42.241Z,106911,0x04,Engine load,22,%,SAE J1850 VPW,115200
2026-10-02T23:22:42.385Z,107055,0x06,Short-term fuel trim,-2.3,%,SAE J1850 VPW,115200
2026-10-02T23:22:42.515Z,107185,0x0B,Intake manifold pressure,68,kPa,SAE J1850 VPW,115200
2026-10-02T23:22:42.641Z,107311,0x0E,Timing advance,27.5,°,SAE J1850 VPW,115200
2026-10-02T23:22:42.785Z,107455,0x14,"O2 sensor, bank 1 sensor 1",0.74,V,SAE J1850 VPW,115200
2026-10-02T23:22:42.931Z,107601,0x15,"O2 sensor, bank 1 sensor 2",0.51,V,SAE J1850 VPW,115200
2026-10-02T23:22:43.153Z,107823,0x0C,Engine RPM,1997,rpm,SAE J1850 VPW,115200
2026-10-02T23:22:43.301Z,107971,0x0D,Speed,38,mph,SAE J1850 VPW,115200
2026-10-02T23:22:43.457Z,108127,0x11,Throttle,26,%,SAE J1850 VPW,115200
2026-10-02T23:22:43.585Z,108255,0x04,Engine load,22,%,SAE J1850 VPW,115200
2026-10-02T23:22:43.717Z,108387,0x06,Short-term fuel trim,-3.1,%,SAE J1850 VPW,115200
2026-10-02T23:22:43.844Z,108514,0x0B,Intake manifold pressure,68,kPa,SAE J1850 VPW,115200
2026-10-02T23:22:43.985Z,108655,0x0E,Timing advance,27.5,°,SAE J1850 VPW,115200
2026-10-02T23:22:44.129Z,108799,0x14,"O2 sensor, bank 1 sensor 1",0.72,V,SAE J1850 VPW,115200
2026-10-02T23:22:44.257Z,108927,0x15,"O2 sensor, bank 1 sensor 2",0.51,V,SAE J1850 VPW,115200
2026-10-02T23:22:44.449Z,109119,0x0C,Engine RPM,2015,rpm,SAE J1850 VPW,115200
2026-10-02T23:22:44.578Z,109248,0x0D,Speed,39,mph,SAE J1850 VPW,115200
2026-10-02T23:22:44.704Z,109374,0x11,Throttle,26,%,SAE J1850 VPW,115200
2026-10-02T23:22:44.832Z,109502,0x04,Engine load,23,%,SAE J1850 VPW,115200
2026-10-02T23:22:44.965Z,109635,0x06,Short-term fuel trim,-3.1,%,SAE J1850 VPW,115200
2026-10-02T23:22:45.089Z,109759,0x0B,Intake manifold pressure,68,kPa,SAE J1850 VPW,115200
2026-10-02T23:22:45.217Z,109887,0x0E,Timing advance,27.5,°,SAE J1850 VPW,115200
2026-10-02T23:22:45.349Z,110019,0x14,"O2 sensor, bank 1 sensor 1",0.69,V,SAE J1850 VPW,115200
2026-10-02T23:22:45.489Z,110159,0x15,"O2 sensor, bank 1 sensor 2",0.79,V,SAE J1850 VPW,115200
2026-10-02T23:22:45.699Z,110369,0x0C,Engine RPM,2013,rpm,SAE J1850 VPW,115200
2026-10-02T23:22:45.826Z,110496,0x0D,Speed,39,mph,SAE J1850 VPW,115200
2026-10-02T23:22:45.953Z,110623,0x11,Throttle,26,%,SAE J1850 VPW,115200
2026-10-02T23:22:46.081Z,110751,0x04,Engine load,23,%,SAE J1850 VPW,115200
2026-10-02T23:22:46.212Z,110882,0x06,Short-term fuel trim,0.8,%,SAE J1850 VPW,115200
2026-10-02T23:22:46.353Z,111023,0x0B,Intake manifold pressure,68,kPa,SAE J1850 VPW,115200
2026-10-02T23:22:46.482Z,111152,0x0E,Timing advance,28.0,°,SAE J1850 VPW,115200
2026-10-02T23:22:46.611Z,111281,0x14,"O2 sensor, bank 1 sensor 1",0.32,V,SAE J1850 VPW,115200
2026-10-02T23:22:46.753Z,111423,0x15,"O2 sensor, bank 1 sensor 2",0.79,V,SAE J1850 VPW,115200
2026-10-02T23:22:46.964Z,111634,0x0C,Engine RPM,2021,rpm,SAE J1850 VPW,115200
2026-10-02T23:22:47.089Z,111759,0x0D,Speed,40,mph,SAE J1850 VPW,115200
2026-10-02T23:22:47.216Z,111886,0x11,Throttle,26,%,SAE J1850 VPW,115200
2026-10-02T23:22:47.346Z,112016,0x04,Engine load,23,%,SAE J1850 VPW,115200
2026-10-02T23:22:47.473Z,112143,0x06,Short-term fuel trim,0.8,%,SAE J1850 VPW,115200
2026-10-02T23:22:47.601Z,112271,0x07,Long-term fuel trim,7.8,%,SAE J1850 VPW,115200
2026-10-02T23:22:47.749Z,112419,0x05,Coolant temp,192,°F,SAE J1850 VPW,115200
2026-10-02T23:22:47.889Z,112559,0x0B,Intake manifold pressure,68,kPa,SAE J1850 VPW,115200
2026-10-02T23:22:48.017Z,112687,0x0E,Timing advance,28.0,°,SAE J1850 VPW,115200
2026-10-02T23:22:48.145Z,112815,0x14,"O2 sensor, bank 1 sensor 1",0.74,V,SAE J1850 VPW,115200
2026-10-02T23:22:48.273Z,112943,0x15,"O2 sensor, bank 1 sensor 2",0.59,V,SAE J1850 VPW,115200
2026-10-02T23:22:48.401Z,113071,0x03,Fuel system,Closed loop,,SAE J1850 VPW,115200
2026-10-02T23:22:48.417Z,113087,ATRV,Battery,13.4,V,SAE J1850 VPW,115200
2026-10-02T23:22:48.609Z,113279,0x0C,Engine RPM,2025,rpm,SAE J1850 VPW,115200
2026-10-02T23:22:48.753Z,113423,0x0D,Speed,40,mph,SAE J1850 VPW,115200
2026-10-02T23:22:48.883Z,113553,0x11,Throttle,26,%,SAE J1850 VPW,115200
2026-10-02T23:22:49.025Z,113695,0x04,Engine load,23,%,SAE J1850 VPW,115200
2026-10-02T23:22:49.169Z,113839,0x06,Short-term fuel trim,1.6,%,SAE J1850 VPW,115200
2026-10-02T23:22:49.317Z,113987,0x0B,Intake manifold pressure,67,kPa,SAE J1850 VPW,115200
2026-10-02T23:22:49.457Z,114127,0x0E,Timing advance,28.0,°,SAE J1850 VPW,115200
2026-10-02T23:22:49.617Z,114287,0x14,"O2 sensor, bank 1 sensor 1",0.17,V,SAE J1850 VPW,115200
2026-10-02T23:22:49.750Z,114420,0x15,"O2 sensor, bank 1 sensor 2",0.49,V,SAE J1850 VPW,115200
2026-10-02T23:22:49.937Z,114607,0x0C,Engine RPM,2022,rpm,SAE J1850 VPW,115200
2026-10-02T23:22:50.080Z,114750,0x0D,Speed,40,mph,SAE J1850 VPW,115200
2026-10-02T23:22:50.208Z,114878,0x11,Throttle,26,%,SAE J1850 VPW,115200
2026-10-02T23:22:50.338Z,115008,0x04,Engine load,23,%,SAE J1850 VPW,115200
2026-10-02T23:22:50.465Z,115135,0x06,Short-term fuel trim,2.3,%,SAE J1850 VPW,115200
2026-10-02T23:22:50.595Z,115265,0x0B,Intake manifold pressure,67,kPa,SAE J1850 VPW,115200
2026-10-02T23:22:50.721Z,115391,0x0E,Timing advance,28.0,°,SAE J1850 VPW,115200
2026-10-02T23:22:50.849Z,115519,0x14,"O2 sensor, bank 1 sensor 1",0.17,V,SAE J1850 VPW,115200
2026-10-02T23:22:50.979Z,115649,0x15,"O2 sensor, bank 1 sensor 2",0.14,V,SAE J1850 VPW,115200
2026-10-02T23:22:51.169Z,115839,0x0C,Engine RPM,2021,rpm,SAE J1850 VPW,115200
2026-10-02T23:22:51.297Z,115967,0x0D,Speed,41,mph,SAE J1850 VPW,115200
2026-10-02T23:22:51.425Z,116095,0x11,Throttle,23,%,SAE J1850 VPW,115200
2026-10-02T23:22:51.569Z,116239,0x04,Engine load,18,%,SAE J1850 VPW,115200
2026-10-02T23:22:51.698Z,116368,0x06,Short-term fuel trim,-5.5,%,SAE J1850 VPW,115200
2026-10-02T23:22:51.825Z,116495,0x0B,Intake manifold pressure,56,kPa,SAE J1850 VPW,115200
2026-10-02T23:22:51.969Z,116639,0x0E,Timing advance,31.5,°,SAE J1850 VPW,115200
2026-10-02T23:22:52.115Z,116785,0x14,"O2 sensor, bank 1 sensor 1",0.17,V,SAE J1850 VPW,115200
2026-10-02T23:22:52.241Z,116911,0x15,"O2 sensor, bank 1 sensor 2",0.72,V,SAE J1850 VPW,115200
2026-10-02T23:22:52.417Z,117087,0x0C,Engine RPM,1852,rpm,SAE J1850 VPW,115200
2026-10-02T23:22:52.552Z,117222,0x0D,Speed,41,mph,SAE J1850 VPW,115200
2026-10-02T23:22:52.689Z,117359,0x11,Throttle,18,%,SAE J1850 VPW,115200
2026-10-02T23:22:52.833Z,117503,0x04,Engine load,11,%,SAE J1850 VPW,115200
2026-10-02T23:22:52.966Z,117636,0x06,Short-term fuel trim,0.0,%,SAE J1850 VPW,115200
2026-10-02T23:22:53.089Z,117759,0x0B,Intake manifold pressure,38,kPa,SAE J1850 VPW,115200
2026-10-02T23:22:53.218Z,117888,0x0E,Timing advance,44.0,°,SAE J1850 VPW,115200
2026-10-02T23:22:53.350Z,118020,0x14,"O2 sensor, bank 1 sensor 1",0.77,V,SAE J1850 VPW,115200
2026-10-02T23:22:53.473Z,118143,0x15,"O2 sensor, bank 1 sensor 2",0.81,V,SAE J1850 VPW,115200
2026-10-02T23:22:53.650Z,118320,0x0C,Engine RPM,1657,rpm,SAE J1850 VPW,115200
2026-10-02T23:22:53.781Z,118451,0x0D,Speed,41,mph,SAE J1850 VPW,115200
2026-10-02T23:22:53.905Z,118575,0x11,Throttle,18,%,SAE J1850 VPW,115200
2026-10-02T23:22:54.033Z,118703,0x04,Engine load,9,%,SAE J1850 VPW,115200
2026-10-02T23:22:54.160Z,118830,0x06,Short-term fuel trim,-0.8,%,SAE J1850 VPW,115200
2026-10-02T23:22:54.289Z,118959,0x07,Long-term fuel trim,11.7,%,SAE J1850 VPW,115200
2026-10-02T23:22:54.435Z,119105,0x05,Coolant temp,192,°F,SAE J1850 VPW,115200
2026-10-02T23:22:54.582Z,119252,0x0B,Intake manifold pressure,30,kPa,SAE J1850 VPW,115200
2026-10-02T23:22:54.721Z,119391,0x0E,Timing advance,37.5,°,SAE J1850 VPW,115200
2026-10-02T23:22:54.849Z,119519,0x14,"O2 sensor, bank 1 sensor 1",0.79,V,SAE J1850 VPW,115200
2026-10-02T23:22:54.984Z,119654,0x15,"O2 sensor, bank 1 sensor 2",0.86,V,SAE J1850 VPW,115200
2026-10-02T23:22:55.121Z,119791,0x03,Fuel system,Closed loop,,SAE J1850 VPW,115200
2026-10-02T23:22:55.137Z,119807,ATRV,Battery,13.5,V,SAE J1850 VPW,115200
2026-10-02T23:22:55.335Z,120005,0x0C,Engine RPM,1563,rpm,SAE J1850 VPW,115200
2026-10-02T23:22:55.473Z,120143,0x0D,Speed,40,mph,SAE J1850 VPW,115200
2026-10-02T23:22:55.601Z,120271,0x11,Throttle,16,%,SAE J1850 VPW,115200
2026-10-02T23:22:55.762Z,120432,0x04,Engine load,7,%,SAE J1850 VPW,115200
2026-10-02T23:22:55.874Z,120544,0x06,Short-term fuel trim,-1.6,%,SAE J1850 VPW,115200
2026-10-02T23:22:56.016Z,120686,0x0B,Intake manifold pressure,28,kPa,SAE J1850 VPW,115200
2026-10-02T23:22:56.146Z,120816,0x0E,Timing advance,37.5,°,SAE J1850 VPW,115200
2026-10-02T23:22:56.273Z,120943,0x14,"O2 sensor, bank 1 sensor 1",0.72,V,SAE J1850 VPW,115200
2026-10-02T23:22:56.401Z,121071,0x15,"O2 sensor, bank 1 sensor 2",0.67,V,SAE J1850 VPW,115200
2026-10-02T23:22:56.582Z,121252,0x0C,Engine RPM,1631,rpm,SAE J1850 VPW,115200
2026-10-02T23:22:56.705Z,121375,0x0D,Speed,40,mph,SAE J1850 VPW,115200
2026-10-02T23:22:56.833Z,121503,0x11,Throttle,19,%,SAE J1850 VPW,115200
2026-10-02T23:22:56.963Z,121633,0x04,Engine load,11,%,SAE J1850 VPW,115200
2026-10-02T23:22:57.105Z,121775,0x06,Short-term fuel trim,3.9,%,SAE J1850 VPW,115200
2026-10-02T23:22:57.234Z,121904,0x0B,Intake manifold pressure,39,kPa,SAE J1850 VPW,115200
2026-10-02T23:22:57.384Z,122054,0x0E,Timing advance,37.5,°,SAE J1850 VPW,115200
2026-10-02T23:22:57.521Z,122191,0x14,"O2 sensor, bank 1 sensor 1",0.53,V,SAE J1850 VPW,115200
2026-10-02T23:22:57.650Z,122320,0x15,"O2 sensor, bank 1 sensor 2",0.77,V,SAE J1850 VPW,115200
2026-10-02T23:22:57.841Z,122511,0x0C,Engine RPM,1664,rpm,SAE J1850 VPW,115200
2026-10-02T23:22:57.985Z,122655,0x0D,Speed,40,mph,SAE J1850 VPW,115200
2026-10-02T23:22:58.113Z,122783,0x11,Throttle,19,%,SAE J1850 VPW,115200
2026-10-02T23:22:58.257Z,122927,0x04,Engine load,11,%,SAE J1850 VPW,115200
2026-10-02T23:22:58.386Z,123056,0x06,Short-term fuel trim,0.0,%,SAE J1850 VPW,115200
2026-10-02T23:22:58.512Z,123182,0x0B,Intake manifold pressure,41,kPa,SAE J1850 VPW,115200
2026-10-02T23:22:58.645Z,123315,0x0E,Timing advance,40.5,°,SAE J1850 VPW,115200
2026-10-02T23:22:58.785Z,123455,0x14,"O2 sensor, bank 1 sensor 1",0.74,V,SAE J1850 VPW,115200
2026-10-02T23:22:58.916Z,123586,0x15,"O2 sensor, bank 1 sensor 2",0.84,V,SAE J1850 VPW,115200
2026-10-02T23:22:59.105Z,123775,0x0C,Engine RPM,1658,rpm,SAE J1850 VPW,115200
2026-10-02T23:22:59.249Z,123919,0x0D,Speed,40,mph,SAE J1850 VPW,115200
2026-10-02T23:22:59.396Z,124066,0x11,Throttle,19,%,SAE J1850 VPW,115200
2026-10-02T23:22:59.521Z,124191,0x04,Engine load,11,%,SAE J1850 VPW,115200
2026-10-02T23:22:59.649Z,124319,0x06,Short-term fuel trim,-1.6,%,SAE J1850 VPW,115200
2026-10-02T23:22:59.794Z,124464,0x0B,Intake manifold pressure,40,kPa,SAE J1850 VPW,115200
2026-10-02T23:22:59.937Z,124607,0x0E,Timing advance,42.0,°,SAE J1850 VPW,115200
2026-10-02T23:23:00.071Z,124741,0x14,"O2 sensor, bank 1 sensor 1",0.21,V,SAE J1850 VPW,115200
2026-10-02T23:23:00.227Z,124897,0x15,"O2 sensor, bank 1 sensor 2",0.47,V,SAE J1850 VPW,115200
2026-10-02T23:23:00.417Z,125087,0x0C,Engine RPM,1644,rpm,SAE J1850 VPW,115200
2026-10-02T23:23:00.547Z,125217,0x0D,Speed,39,mph,SAE J1850 VPW,115200
2026-10-02T23:23:00.707Z,125377,0x11,Throttle,19,%,SAE J1850 VPW,115200
2026-10-02T23:23:00.833Z,125503,0x04,Engine load,11,%,SAE J1850 VPW,115200
2026-10-02T23:23:00.961Z,125631,0x06,Short-term fuel trim,-3.1,%,SAE J1850 VPW,115200
2026-10-02T23:23:01.089Z,125759,0x07,Long-term fuel trim,14.8,%,SAE J1850 VPW,115200
2026-10-02T23:23:01.233Z,125903,0x05,Coolant temp,192,°F,SAE J1850 VPW,115200
2026-10-02T23:23:01.366Z,126036,0x0B,Intake manifold pressure,41,kPa,SAE J1850 VPW,115200
2026-10-02T23:23:01.506Z,126176,0x0E,Timing advance,42.5,°,SAE J1850 VPW,115200
2026-10-02T23:23:01.651Z,126321,0x14,"O2 sensor, bank 1 sensor 1",0.77,V,SAE J1850 VPW,115200
2026-10-02T23:23:01.778Z,126448,0x15,"O2 sensor, bank 1 sensor 2",0.82,V,SAE J1850 VPW,115200
2026-10-02T23:23:01.905Z,126575,0x03,Fuel system,Closed loop,,SAE J1850 VPW,115200
2026-10-02T23:23:01.921Z,126591,ATRV,Battery,13.5,V,SAE J1850 VPW,115200
2026-10-02T23:23:02.098Z,126768,0x0C,Engine RPM,1630,rpm,SAE J1850 VPW,115200
2026-10-02T23:23:02.225Z,126895,0x0D,Speed,38,mph,SAE J1850 VPW,115200
2026-10-02T23:23:02.353Z,127023,0x11,Throttle,19,%,SAE J1850 VPW,115200
2026-10-02T23:23:02.497Z,127167,0x04,Engine load,11,%,SAE J1850 VPW,115200
2026-10-02T23:23:02.641Z,127311,0x06,Short-term fuel trim,2.3,%,SAE J1850 VPW,115200
2026-10-02T23:23:02.769Z,127439,0x0B,Intake manifold pressure,41,kPa,SAE J1850 VPW,115200
2026-10-02T23:23:02.901Z,127571,0x0E,Timing advance,42.0,°,SAE J1850 VPW,115200
2026-10-02T23:23:03.026Z,127696,0x14,"O2 sensor, bank 1 sensor 1",0.77,V,SAE J1850 VPW,115200
2026-10-02T23:23:03.154Z,127824,0x15,"O2 sensor, bank 1 sensor 2",0.81,V,SAE J1850 VPW,115200
2026-10-02T23:23:03.331Z,128001,0x0C,Engine RPM,1617,rpm,SAE J1850 VPW,115200
2026-10-02T23:23:03.457Z,128127,0x0D,Speed,38,mph,SAE J1850 VPW,115200
2026-10-02T23:23:03.618Z,128288,0x11,Throttle,19,%,SAE J1850 VPW,115200
2026-10-02T23:23:03.764Z,128434,0x04,Engine load,11,%,SAE J1850 VPW,115200
2026-10-02T23:23:03.905Z,128575,0x06,Short-term fuel trim,-2.3,%,SAE J1850 VPW,115200
2026-10-02T23:23:04.033Z,128703,0x0B,Intake manifold pressure,41,kPa,SAE J1850 VPW,115200
2026-10-02T23:23:04.165Z,128835,0x0E,Timing advance,42.0,°,SAE J1850 VPW,115200
2026-10-02T23:23:04.305Z,128975,0x14,"O2 sensor, bank 1 sensor 1",0.55,V,SAE J1850 VPW,115200
2026-10-02T23:23:04.452Z,129122,0x15,"O2 sensor, bank 1 sensor 2",0.74,V,SAE J1850 VPW,115200
2026-10-02T23:23:04.641Z,129311,0x0C,Engine RPM,1613,rpm,SAE J1850 VPW,115200
2026-10-02T23:23:04.770Z,129440,0x0D,Speed,37,mph,SAE J1850 VPW,115200
2026-10-02T23:23:04.898Z,129568,0x11,Throttle,20,%,SAE J1850 VPW,115200
2026-10-02T23:23:05.025Z,129695,0x04,Engine load,11,%,SAE J1850 VPW,115200
2026-10-02T23:23:05.185Z,129855,0x06,Short-term fuel trim,-0.8,%,SAE J1850 VPW,115200
2026-10-02T23:23:05.332Z,130002,0x0B,Intake manifold pressure,45,kPa,SAE J1850 VPW,115200
2026-10-02T23:23:05.457Z,130127,0x0E,Timing advance,38.0,°,SAE J1850 VPW,115200
2026-10-02T23:23:05.585Z,130255,0x14,"O2 sensor, bank 1 sensor 1",0.63,V,SAE J1850 VPW,115200
2026-10-02T23:23:05.736Z,130406,0x15,"O2 sensor, bank 1 sensor 2",0.82,V,SAE J1850 VPW,115200
2026-10-02T23:23:05.937Z,130607,0x0C,Engine RPM,1645,rpm,SAE J1850 VPW,115200
2026-10-02T23:23:06.081Z,130751,0x0D,Speed,37,mph,SAE J1850 VPW,115200
2026-10-02T23:23:06.209Z,130879,0x11,Throttle,20,%,SAE J1850 VPW,115200
2026-10-02T23:23:06.337Z,131007,0x04,Engine load,12,%,SAE J1850 VPW,115200
2026-10-02T23:23:06.465Z,131135,0x06,Short-term fuel trim,-2.3,%,SAE J1850 VPW,115200
2026-10-02T23:23:06.593Z,131263,0x0B,Intake manifold pressure,48,kPa,SAE J1850 VPW,115200
2026-10-02T23:23:06.721Z,131391,0x0E,Timing advance,33.0,°,SAE J1850 VPW,115200
2026-10-02T23:23:06.867Z,131537,0x14,"O2 sensor, bank 1 sensor 1",0.26,V,SAE J1850 VPW,115200
2026-10-02T23:23:07.010Z,131680,0x15,"O2 sensor, bank 1 sensor 2",0.81,V,SAE J1850 VPW,115200
2026-10-02T23:23:07.201Z,131871,0x0C,Engine RPM,1740,rpm,SAE J1850 VPW,115200
2026-10-02T23:23:07.314Z,131984,0x0D,Speed,37,mph,SAE J1850 VPW,115200
2026-10-02T23:23:07.457Z,132127,0x11,Throttle,22,%,SAE J1850 VPW,115200
2026-10-02T23:23:07.585Z,132255,0x04,Engine load,17,%,SAE J1850 VPW,115200
2026-10-02T23:23:07.718Z,132388,0x06,Short-term fuel trim,3.1,%,SAE J1850 VPW,115200
2026-10-02T23:23:07.857Z,132527,0x07,Long-term fuel trim,9.4,%,SAE J1850 VPW,115200
2026-10-02T23:23:07.985Z,132655,0x05,Coolant temp,192,°F,SAE J1850 VPW,115200
2026-10-02T23:23:08.138Z,132808,0x0B,Intake manifold pressure,57,kPa,SAE J1850 VPW,115200
2026-10-02T23:23:08.289Z,132959,0x0E,Timing advance,29.5,°,SAE J1850 VPW,115200
2026-10-02T23:23:08.434Z,133104,0x14,"O2 sensor, bank 1 sensor 1",0.63,V,SAE J1850 VPW,115200
2026-10-02T23:23:08.577Z,133247,0x15,"O2 sensor, bank 1 sensor 2",0.82,V,SAE J1850 VPW,115200
2026-10-02T23:23:08.705Z,133375,0x03,Fuel system,Closed loop,,SAE J1850 VPW,115200
2026-10-02T23:23:08.721Z,133391,ATRV,Battery,13.6,V,SAE J1850 VPW,115200
2026-10-02T23:23:08.898Z,133568,0x0C,Engine RPM,1810,rpm,SAE J1850 VPW,115200
2026-10-02T23:23:09.025Z,133695,0x0D,Speed,37,mph,SAE J1850 VPW,115200
2026-10-02T23:23:09.153Z,133823,0x11,Throttle,23,%,SAE J1850 VPW,115200
2026-10-02T23:23:09.281Z,133951,0x04,Engine load,17,%,SAE J1850 VPW,115200
2026-10-02T23:23:09.426Z,134096,0x06,Short-term fuel trim,3.9,%,SAE J1850 VPW,115200
2026-10-02T23:23:09.569Z,134239,0x0B,Intake manifold pressure,58,kPa,SAE J1850 VPW,115200
2026-10-02T23:23:09.700Z,134370,0x0E,Timing advance,29.5,°,SAE J1850 VPW,115200
2026-10-02T23:23:09.825Z,134495,0x14,"O2 sensor, bank 1 sensor 1",0.34,V,SAE J1850 VPW,115200
2026-10-02T23:23:09.954Z,134624,0x15,"O2 sensor, bank 1 sensor 2",0.14,V,SAE J1850 VPW,115200
2026-10-02T23:23:10.149Z,134819,0x0C,Engine RPM,1817,rpm,SAE J1850 VPW,115200
2026-10-02T23:23:10.273Z,134943,0x0D,Speed,37,mph,SAE J1850 VPW,115200
2026-10-02T23:23:10.401Z,135071,0x11,Throttle,23,%,SAE J1850 VPW,115200
2026-10-02T23:23:10.549Z,135219,0x04,Engine load,18,%,SAE J1850 VPW,115200
2026-10-02T23:23:10.689Z,135359,0x06,Short-term fuel trim,-1.6,%,SAE J1850 VPW,115200
2026-10-02T23:23:10.818Z,135488,0x0B,Intake manifold pressure,58,kPa,SAE J1850 VPW,115200
2026-10-02T23:23:10.967Z,135637,0x0E,Timing advance,29.5,°,SAE J1850 VPW,115200
2026-10-02T23:23:11.089Z,135759,0x14,"O2 sensor, bank 1 sensor 1",0.21,V,SAE J1850 VPW,115200
2026-10-02T23:23:11.235Z,135905,0x15,"O2 sensor, bank 1 sensor 2",0.77,V,SAE J1850 VPW,115200
2026-10-02T23:23:11.426Z,136096,0x0C,Engine RPM,1823,rpm,SAE J1850 VPW,115200
2026-10-02T23:23:11.585Z,136255,0x0D,Speed,38,mph,SAE J1850 VPW,115200
2026-10-02T23:23:11.713Z,136383,0x11,Throttle,23,%,SAE J1850 VPW,115200
2026-10-02T23:23:11.841Z,136511,0x04,Engine load,18,%,SAE J1850 VPW,115200
2026-10-02T23:23:11.985Z,136655,0x06,Short-term fuel trim,-2.3,%,SAE J1850 VPW,115200
2026-10-02T23:23:12.113Z,136783,0x0B,Intake manifold pressure,59,kPa,SAE J1850 VPW,115200
2026-10-02T23:23:12.257Z,136927,0x0E,Timing advance,29.5,°,SAE J1850 VPW,115200
2026-10-02T23:23:12.384Z,137054,0x14,"O2 sensor, bank 1 sensor 1",0.77,V,SAE J1850 VPW,115200
2026-10-02T23:23:12.515Z,137185,0x15,"O2 sensor, bank 1 sensor 2",0.79,V,SAE J1850 VPW,115200
2026-10-02T23:23:12.705Z,137375,0x0C,Engine RPM,1815,rpm,SAE J1850 VPW,115200
2026-10-02T23:23:12.833Z,137503,0x0D,Speed,38,mph,SAE J1850 VPW,115200
2026-10-02T23:23:12.962Z,137632,0x11,Throttle,23,%,SAE J1850 VPW,115200
2026-10-02T23:23:13.089Z,137759,0x04,Engine load,17,%,SAE J1850 VPW,115200
2026-10-02T23:23:13.250Z,137920,0x06,Short-term fuel trim,2.3,%,SAE J1850 VPW,115200
2026-10-02T23:23:13.395Z,138065,0x0B,Intake manifold pressure,58,kPa,SAE J1850 VPW,115200
2026-10-02T23:23:13.521Z,138191,0x0E,Timing advance,30.0,°,SAE J1850 VPW,115200
2026-10-02T23:23:13.650Z,138320,0x14,"O2 sensor, bank 1 sensor 1",0.65,V,SAE J1850 VPW,115200
2026-10-02T23:23:13.777Z,138447,0x15,"O2 sensor, bank 1 sensor 2",0.35,V,SAE J1850 VPW,115200
2026-10-02T23:23:13.954Z,138624,0x0C,Engine RPM,1822,rpm,SAE J1850 VPW,115200
2026-10-02T23:23:14.081Z,138751,0x0D,Speed,38,mph,SAE J1850 VPW,115200
2026-10-02T23:23:14.210Z,138880,0x11,Throttle,23,%,SAE J1850 VPW,115200
2026-10-02T23:23:14.402Z,139072,0x04,Engine load,17,%,SAE J1850 VPW,115200
2026-10-02T23:23:14.550Z,139220,0x06,Short-term fuel trim,2.3,%,SAE J1850 VPW,115200
2026-10-02T23:23:14.690Z,139360,0x07,Long-term fuel trim,10.2,%,SAE J1850 VPW,115200
2026-10-02T23:23:14.850Z,139520,0x05,Coolant temp,190,°F,SAE J1850 VPW,115200
2026-10-02T23:23:14.994Z,139664,0x0B,Intake manifold pressure,58,kPa,SAE J1850 VPW,115200
2026-10-02T23:23:15.137Z,139807,0x0E,Timing advance,30.0,°,SAE J1850 VPW,115200
2026-10-02T23:23:15.299Z,139969,0x14,"O2 sensor, bank 1 sensor 1",0.79,V,SAE J1850 VPW,115200
2026-10-02T23:23:15.473Z,140143,0x15,"O2 sensor, bank 1 sensor 2",0.79,V,SAE J1850 VPW,115200
2026-10-02T23:23:15.620Z,140290,0x03,Fuel system,Closed loop,,SAE J1850 VPW,115200
2026-10-02T23:23:15.633Z,140303,ATRV,Battery,13.5,V,SAE J1850 VPW,115200
2026-10-02T23:23:15.836Z,140506,0x0C,Engine RPM,1827,rpm,SAE J1850 VPW,115200
2026-10-02T23:23:15.986Z,140656,0x0D,Speed,39,mph,SAE J1850 VPW,115200
2026-10-02T23:23:16.148Z,140818,0x11,Throttle,23,%,SAE J1850 VPW,115200
2026-10-02T23:23:16.290Z,140960,0x04,Engine load,18,%,SAE J1850 VPW,115200
2026-10-02T23:23:16.433Z,141103,0x06,Short-term fuel trim,-3.1,%,SAE J1850 VPW,115200
2026-10-02T23:23:16.578Z,141248,0x0B,Intake manifold pressure,58,kPa,SAE J1850 VPW,115200
2026-10-02T23:23:16.721Z,141391,0x0E,Timing advance,30.0,°,SAE J1850 VPW,115200
2026-10-02T23:23:16.865Z,141535,0x14,"O2 sensor, bank 1 sensor 1",0.70,V,SAE J1850 VPW,115200
2026-10-02T23:23:17.026Z,141696,0x15,"O2 sensor, bank 1 sensor 2",0.82,V,SAE J1850 VPW,115200
2026-10-02T23:23:17.234Z,141904,0x0C,Engine RPM,1817,rpm,SAE J1850 VPW,115200
2026-10-02T23:23:17.378Z,142048,0x0D,Speed,39,mph,SAE J1850 VPW,115200
2026-10-02T23:23:17.537Z,142207,0x11,Throttle,23,%,SAE J1850 VPW,115200
2026-10-02T23:23:17.681Z,142351,0x04,Engine load,17,%,SAE J1850 VPW,115200
2026-10-02T23:23:17.842Z,142512,0x06,Short-term fuel trim,2.3,%,SAE J1850 VPW,115200
2026-10-02T23:23:17.987Z,142657,0x0B,Intake manifold pressure,59,kPa,SAE J1850 VPW,115200
2026-10-02T23:23:18.153Z,142823,0x0E,Timing advance,30.0,°,SAE J1850 VPW,115200
2026-10-02T23:23:18.305Z,142975,0x14,"O2 sensor, bank 1 sensor 1",0.14,V,SAE J1850 VPW,115200
2026-10-02T23:23:18.451Z,143121,0x15,"O2 sensor, bank 1 sensor 2",0.14,V,SAE J1850 VPW,115200
2026-10-02T23:23:18.658Z,143328,0x0C,Engine RPM,1828,rpm,SAE J1850 VPW,115200
2026-10-02T23:23:18.801Z,143471,0x0D,Speed,39,mph,SAE J1850 VPW,115200
2026-10-02T23:23:18.948Z,143618,0x11,Throttle,23,%,SAE J1850 VPW,115200
2026-10-02T23:23:19.105Z,143775,0x04,Engine load,18,%,SAE J1850 VPW,115200
2026-10-02T23:23:19.254Z,143924,0x06,Short-term fuel trim,-3.9,%,SAE J1850 VPW,115200
2026-10-02T23:23:19.409Z,144079,0x0B,Intake manifold pressure,58,kPa,SAE J1850 VPW,115200
2026-10-02T23:23:19.556Z,144226,0x0E,Timing advance,30.0,°,SAE J1850 VPW,115200
2026-10-02T23:23:19.702Z,144372,0x14,"O2 sensor, bank 1 sensor 1",0.79,V,SAE J1850 VPW,115200
2026-10-02T23:23:19.858Z,144528,0x15,"O2 sensor, bank 1 sensor 2",0.74,V,SAE J1850 VPW,115200
2026-10-02T23:23:20.053Z,144723,0x0C,Engine RPM,1837,rpm,SAE J1850 VPW,115200
2026-10-02T23:23:20.194Z,144864,0x0D,Speed,39,mph,SAE J1850 VPW,115200
2026-10-02T23:23:20.353Z,145023,0x11,Throttle,24,%,SAE J1850 VPW,115200
2026-10-02T23:23:20.505Z,145175,0x04,Engine load,18,%,SAE J1850 VPW,115200
2026-10-02T23:23:20.641Z,145311,0x06,Short-term fuel trim,1.6,%,SAE J1850 VPW,115200
2026-10-02T23:23:20.786Z,145456,0x0B,Intake manifold pressure,61,kPa,SAE J1850 VPW,115200
2026-10-02T23:23:20.934Z,145604,0x0E,Timing advance,28.5,°,SAE J1850 VPW,115200
2026-10-02T23:23:21.089Z,145759,0x14,"O2 sensor, bank 1 sensor 1",0.15,V,SAE J1850 VPW,115200
2026-10-02T23:23:21.234Z,145904,0x15,"O2 sensor, bank 1 sensor 2",0.74,V,SAE J1850 VPW,115200
2026-10-02T23:23:21.427Z,146097,0x0C,Engine RPM,1894,rpm,SAE J1850 VPW,115200
2026-10-02T23:23:21.601Z,146271,0x0D,Speed,39,mph,SAE J1850 VPW,115200
2026-10-02T23:23:21.766Z,146436,0x11,Throttle,24,%,SAE J1850 VPW,115200
2026-10-02T23:23:21.921Z,146591,0x04,Engine load,20,%,SAE J1850 VPW,115200
2026-10-02T23:23:22.065Z,146735,0x06,Short-term fuel trim,1.6,%,SAE J1850 VPW,115200
2026-10-02T23:23:22.225Z,146895,0x07,Long-term fuel trim,7.8,%,SAE J1850 VPW,115200
2026-10-02T23:23:22.385Z,147055,0x05,Coolant temp,190,°F,SAE J1850 VPW,115200
2026-10-02T23:23:22.519Z,147189,0x0B,Intake manifold pressure,64,kPa,SAE J1850 VPW,115200
2026-10-02T23:23:22.673Z,147343,0x0E,Timing advance,29.0,°,SAE J1850 VPW,115200
2026-10-02T23:23:22.837Z,147507,0x14,"O2 sensor, bank 1 sensor 1",0.74,V,SAE J1850 VPW,115200
2026-10-02T23:23:22.968Z,147638,0x15,"O2 sensor, bank 1 sensor 2",0.79,V,SAE J1850 VPW,115200
2026-10-02T23:23:23.121Z,147791,0x03,Fuel system,Closed loop,,SAE J1850 VPW,115200
2026-10-02T23:23:23.137Z,147807,ATRV,Battery,13.4,V,SAE J1850 VPW,115200
2026-10-02T23:23:23.351Z,148021,0x0C,Engine RPM,1939,rpm,SAE J1850 VPW,115200
2026-10-02T23:23:23.489Z,148159,0x0D,Speed,39,mph,SAE J1850 VPW,115200
2026-10-02T23:23:23.633Z,148303,0x11,Throttle,16,%,SAE J1850 VPW,115200
2026-10-02T23:23:23.764Z,148434,0x04,Engine load,10,%,SAE J1850 VPW,115200
2026-10-02T23:23:23.921Z,148591,0x06,Short-term fuel trim,-6.3,%,SAE J1850 VPW,115200
2026-10-02T23:23:24.099Z,148769,0x0B,Intake manifold pressure,32,kPa,SAE J1850 VPW,115200
2026-10-02T23:23:24.241Z,148911,0x0E,Timing advance,37.5,°,SAE J1850 VPW,115200
2026-10-02T23:23:24.404Z,149074,0x14,"O2 sensor, bank 1 sensor 1",0.61,V,SAE J1850 VPW,115200
2026-10-02T23:23:24.550Z,149220,0x15,"O2 sensor, bank 1 sensor 2",0.79,V,SAE J1850 VPW,115200
2026-10-02T23:23:24.738Z,149408,0x0C,Engine RPM,1747,rpm,SAE J1850 VPW,115200
2026-10-02T23:23:24.883Z,149553,0x0D,Speed,39,mph,SAE J1850 VPW,115200
2026-10-02T23:23:25.025Z,149695,0x11,Throttle,23,%,SAE J1850 VPW,115200
2026-10-02T23:23:25.173Z,149843,0x04,Engine load,18,%,SAE J1850 VPW,115200
2026-10-02T23:23:25.318Z,149988,0x06,Short-term fuel trim,2.3,%,SAE J1850 VPW,115200
2026-10-02T23:23:25.457Z,150127,0x0B,Intake manifold pressure,60,kPa,SAE J1850 VPW,115200
2026-10-02T23:23:25.617Z,150287,0x0E,Timing advance,25.0,°,SAE J1850 VPW,115200
2026-10-02T23:23:25.778Z,150448,0x14,"O2 sensor, bank 1 sensor 1",0.67,V,SAE J1850 VPW,115200
2026-10-02T23:23:25.922Z,150592,0x15,"O2 sensor, bank 1 sensor 2",0.77,V,SAE J1850 VPW,115200
2026-10-02T23:23:26.118Z,150788,0x0C,Engine RPM,1830,rpm,SAE J1850 VPW,115200
2026-10-02T23:23:26.257Z,150927,0x0D,Speed,39,mph,SAE J1850 VPW,115200
2026-10-02T23:23:26.401Z,151071,0x11,Throttle,24,%,SAE J1850 VPW,115200
2026-10-02T23:23:26.568Z,151238,0x04,Engine load,18,%,SAE J1850 VPW,115200
2026-10-02T23:23:26.721Z,151391,0x06,Short-term fuel trim,1.6,%,SAE J1850 VPW,115200
2026-10-02T23:23:26.869Z,151539,0x0B,Intake manifold pressure,60,kPa,SAE J1850 VPW,115200
2026-10-02T23:23:27.026Z,151696,0x0E,Timing advance,28.5,°,SAE J1850 VPW,115200
2026-10-02T23:23:27.169Z,151839,0x14,"O2 sensor, bank 1 sensor 1",0.77,V,SAE J1850 VPW,115200
2026-10-02T23:23:27.316Z,151986,0x15,"O2 sensor, bank 1 sensor 2",0.90,V,SAE J1850 VPW,115200
2026-10-02T23:23:27.521Z,152191,0x0C,Engine RPM,1574,rpm,SAE J1850 VPW,115200
2026-10-02T23:23:27.668Z,152338,0x0D,Speed,39,mph,SAE J1850 VPW,115200
2026-10-02T23:23:27.809Z,152479,0x11,Throttle,16,%,SAE J1850 VPW,115200
2026-10-02T23:23:27.953Z,152623,0x04,Engine load,7,%,SAE J1850 VPW,115200
2026-10-02T23:23:28.104Z,152774,0x06,Short-term fuel trim,-5.5,%,SAE J1850 VPW,115200
2026-10-02T23:23:28.241Z,152911,0x0B,Intake manifold pressure,29,kPa,SAE J1850 VPW,115200
2026-10-02T23:23:28.401Z,153071,0x0E,Timing advance,35.0,°,SAE J1850 VPW,115200
2026-10-02T23:23:28.569Z,153239,0x14,"O2 sensor, bank 1 sensor 1",0.17,V,SAE J1850 VPW,115200
2026-10-02T23:23:28.707Z,153377,0x15,"O2 sensor, bank 1 sensor 2",0.28,V,SAE J1850 VPW,115200
2026-10-02T23:23:28.935Z,153605,0x0C,Engine RPM,1507,rpm,SAE J1850 VPW,115200
2026-10-02T23:23:29.074Z,153744,0x0D,Speed,39,mph,SAE J1850 VPW,115200
2026-10-02T23:23:29.221Z,153891,0x11,Throttle,16,%,SAE J1850 VPW,115200
2026-10-02T23:23:29.380Z,154050,0x04,Engine load,7,%,SAE J1850 VPW,115200
2026-10-02T23:23:29.539Z,154209,0x06,Short-term fuel trim,2.3,%,SAE J1850 VPW,115200
2026-10-02T23:23:29.686Z,154356,0x07,Long-term fuel trim,10.2,%,SAE J1850 VPW,115200
2026-10-02T23:23:29.825Z,154495,0x05,Coolant temp,190,°F,SAE J1850 VPW,115200
2026-10-02T23:23:29.986Z,154656,0x0B,Intake manifold pressure,29,kPa,SAE J1850 VPW,115200
2026-10-02T23:23:30.132Z,154802,0x0E,Timing advance,36.0,°,SAE J1850 VPW,115200
2026-10-02T23:23:30.290Z,154960,0x14,"O2 sensor, bank 1 sensor 1",0.82,V,SAE J1850 VPW,115200
2026-10-02T23:23:30.436Z,155106,0x15,"O2 sensor, bank 1 sensor 2",0.88,V,SAE J1850 VPW,115200
2026-10-02T23:23:30.595Z,155265,0x03,Fuel system,Closed loop,,SAE J1850 VPW,115200
2026-10-02T23:23:30.610Z,155280,ATRV,Battery,13.4,V,SAE J1850 VPW,115200
2026-10-02T23:23:30.802Z,155472,0x0C,Engine RPM,1562,rpm,SAE J1850 VPW,115200
2026-10-02T23:23:30.978Z,155648,0x0D,Speed,38,mph,SAE J1850 VPW,115200
2026-10-02T23:23:31.121Z,155791,0x11,Throttle,18,%,SAE J1850 VPW,115200
2026-10-02T23:23:31.265Z,155935,0x04,Engine load,9,%,SAE J1850 VPW,115200
2026-10-02T23:23:31.425Z,156095,0x06,Short-term fuel trim,3.1,%,SAE J1850 VPW,115200
2026-10-02T23:23:31.570Z,156240,0x0B,Intake manifold pressure,40,kPa,SAE J1850 VPW,115200
2026-10-02T23:23:31.720Z,156390,0x0E,Timing advance,36.0,°,SAE J1850 VPW,115200
2026-10-02T23:23:31.858Z,156528,0x14,"O2 sensor, bank 1 sensor 1",0.06,V,SAE J1850 VPW,115200
2026-10-02T23:23:32.002Z,156672,0x15,"O2 sensor, bank 1 sensor 2",0.10,V,SAE J1850 VPW,115200
2026-10-02T23:23:32.196Z,156866,0x0C,Engine RPM,1696,rpm,SAE J1850 VPW,115200
2026-10-02T23:23:32.353Z,157023,0x0D,Speed,38,mph,SAE J1850 VPW,115200
2026-10-02T23:23:32.514Z,157184,0x11,Throttle,21,%,SAE J1850 VPW,115200
2026-10-02T23:23:32.657Z,157327,0x04,Engine load,13,%,SAE J1850 VPW,115200
2026-10-02T23:23:32.801Z,157471,0x06,Short-term fuel trim,-2.3,%,SAE J1850 VPW,115200
2026-10-02T23:23:32.977Z,157647,0x0B,Intake manifold pressure,48,kPa,SAE J1850 VPW,115200
2026-10-02T23:23:33.123Z,157793,0x0E,Timing advance,31.5,°,SAE J1850 VPW,115200
2026-10-02T23:23:33.286Z,157956,0x14,"O2 sensor, bank 1 sensor 1",0.81,V,SAE J1850 VPW,115200
2026-10-02T23:23:33.442Z,158112,0x15,"O2 sensor, bank 1 sensor 2",0.88,V,SAE J1850 VPW,115200
2026-10-02T23:23:33.670Z,158340,0x0C,Engine RPM,1626,rpm,SAE J1850 VPW,115200
2026-10-02T23:23:33.826Z,158496,0x0D,Speed,39,mph,SAE J1850 VPW,115200
2026-10-02T23:23:33.985Z,158655,0x11,Throttle,16,%,SAE J1850 VPW,115200
2026-10-02T23:23:34.133Z,158803,0x04,Engine load,8,%,SAE J1850 VPW,115200
2026-10-02T23:23:34.289Z,158959,0x06,Short-term fuel trim,-7.0,%,SAE J1850 VPW,115200
2026-10-02T23:23:34.438Z,159108,0x0B,Intake manifold pressure,29,kPa,SAE J1850 VPW,115200
2026-10-02T23:23:34.580Z,159250,0x0E,Timing advance,34.5,°,SAE J1850 VPW,115200
2026-10-02T23:23:34.738Z,159408,0x14,"O2 sensor, bank 1 sensor 1",0.10,V,SAE J1850 VPW,115200
2026-10-02T23:23:34.885Z,159555,0x15,"O2 sensor, bank 1 sensor 2",0.12,V,SAE J1850 VPW,115200
2026-10-02T23:23:35.090Z,159760,0x0C,Engine RPM,1512,rpm,SAE J1850 VPW,115200
2026-10-02T23:23:35.234Z,159904,0x0D,Speed,38,mph,SAE J1850 VPW,115200
2026-10-02T23:23:35.394Z,160064,0x11,Throttle,17,%,SAE J1850 VPW,115200
2026-10-02T23:23:35.537Z,160207,0x04,Engine load,8,%,SAE J1850 VPW,115200
2026-10-02T23:23:35.686Z,160356,0x06,Short-term fuel trim,-3.1,%,SAE J1850 VPW,115200
2026-10-02T23:23:35.842Z,160512,0x0B,Intake manifold pressure,39,kPa,SAE J1850 VPW,115200
2026-10-02T23:23:36.001Z,160671,0x0E,Timing advance,35.0,°,SAE J1850 VPW,115200
2026-10-02T23:23:36.150Z,160820,0x14,"O2 sensor, bank 1 sensor 1",0.08,V,SAE J1850 VPW,115200
2026-10-02T23:23:36.291Z,160961,0x15,"O2 sensor, bank 1 sensor 2",0.10,V,SAE J1850 VPW,115200
2026-10-02T23:23:36.501Z,161171,0x0C,Engine RPM,1641,rpm,SAE J1850 VPW,115200
2026-10-02T23:23:36.641Z,161311,0x0D,Speed,37,mph,SAE J1850 VPW,115200
2026-10-02T23:23:36.785Z,161455,0x11,Throttle,20,%,SAE J1850 VPW,115200
2026-10-02T23:23:36.933Z,161603,0x04,Engine load,12,%,SAE J1850 VPW,115200
2026-10-02T23:23:37.074Z,161744,0x06,Short-term fuel trim,0.8,%,SAE J1850 VPW,115200
2026-10-02T23:23:37.202Z,161872,0x07,Long-term fuel trim,16.4,%,SAE J1850 VPW,115200
2026-10-02T23:23:37.355Z,162025,0x05,Coolant temp,190,°F,SAE J1850 VPW,115200
2026-10-02T23:23:37.506Z,162176,0x0B,Intake manifold pressure,50,kPa,SAE J1850 VPW,115200
2026-10-02T23:23:37.653Z,162323,0x0E,Timing advance,28.5,°,SAE J1850 VPW,115200
2026-10-02T23:23:37.794Z,162464,0x14,"O2 sensor, bank 1 sensor 1",0.70,V,SAE J1850 VPW,115200
2026-10-02T23:23:37.942Z,162612,0x15,"O2 sensor, bank 1 sensor 2",0.70,V,SAE J1850 VPW,115200
2026-10-02T23:23:38.100Z,162770,0x03,Fuel system,Closed loop,,SAE J1850 VPW,115200
2026-10-02T23:23:38.118Z,162788,ATRV,Battery,13.4,V,SAE J1850 VPW,115200
2026-10-02T23:23:38.337Z,163007,0x0C,Engine RPM,1828,rpm,SAE J1850 VPW,115200
2026-10-02T23:23:38.481Z,163151,0x0D,Speed,38,mph,SAE J1850 VPW,115200
2026-10-02T23:23:38.625Z,163295,0x11,Throttle,24,%,SAE J1850 VPW,115200
2026-10-02T23:23:38.785Z,163455,0x04,Engine load,18,%,SAE J1850 VPW,115200
2026-10-02T23:23:38.945Z,163615,0x06,Short-term fuel trim,-1.6,%,SAE J1850 VPW,115200
2026-10-02T23:23:39.073Z,163743,0x0B,Intake manifold pressure,61,kPa,SAE J1850 VPW,115200
2026-10-02T23:23:39.217Z,163887,0x0E,Timing advance,29.0,°,SAE J1850 VPW,115200
2026-10-02T23:23:39.362Z,164032,0x14,"O2 sensor, bank 1 sensor 1",0.74,V,SAE J1850 VPW,115200
2026-10-02T23:23:39.506Z,164176,0x15,"O2 sensor, bank 1 sensor 2",0.84,V,SAE J1850 VPW,115200
2026-10-02T23:23:39.701Z,164371,0x0C,Engine RPM,1884,rpm,SAE J1850 VPW,115200
2026-10-02T23:23:39.858Z,164528,0x0D,Speed,39,mph,SAE J1850 VPW,115200
2026-10-02T23:23:40.002Z,164672,0x11,Throttle,24,%,SAE J1850 VPW,115200
2026-10-02T23:23:40.151Z,164821,0x04,Engine load,18,%,SAE J1850 VPW,115200
2026-10-02T23:23:40.305Z,164975,0x06,Short-term fuel trim,-3.1,%,SAE J1850 VPW,115200
2026-10-02T23:23:40.483Z,165153,0x0B,Intake manifold pressure,54,kPa,SAE J1850 VPW,115200
2026-10-02T23:23:40.626Z,165296,0x0E,Timing advance,34.5,°,SAE J1850 VPW,115200
2026-10-02T23:23:40.770Z,165440,0x14,"O2 sensor, bank 1 sensor 1",0.61,V,SAE J1850 VPW,115200
2026-10-02T23:23:40.917Z,165587,0x15,"O2 sensor, bank 1 sensor 2",0.72,V,SAE J1850 VPW,115200
2026-10-02T23:23:41.121Z,165791,0x0C,Engine RPM,1570,rpm,SAE J1850 VPW,115200
2026-10-02T23:23:41.269Z,165939,0x0D,Speed,39,mph,SAE J1850 VPW,115200
2026-10-02T23:23:41.425Z,166095,0x11,Throttle,16,%,SAE J1850 VPW,115200
2026-10-02T23:23:41.571Z,166241,0x04,Engine load,7,%,SAE J1850 VPW,115200
2026-10-02T23:23:41.720Z,166390,0x06,Short-term fuel trim,-4.7,%,SAE J1850 VPW,115200
2026-10-02T23:23:41.874Z,166544,0x0B,Intake manifold pressure,29,kPa,SAE J1850 VPW,115200
2026-10-02T23:23:42.023Z,166693,0x0E,Timing advance,35.0,°,SAE J1850 VPW,115200
2026-10-02T23:23:42.178Z,166848,0x14,"O2 sensor, bank 1 sensor 1",0.14,V,SAE J1850 VPW,115200
2026-10-02T23:23:42.322Z,166992,0x15,"O2 sensor, bank 1 sensor 2",0.14,V,SAE J1850 VPW,115200
2026-10-02T23:23:42.541Z,167211,0x0C,Engine RPM,1509,rpm,SAE J1850 VPW,115200
2026-10-02T23:23:42.706Z,167376,0x0D,Speed,39,mph,SAE J1850 VPW,115200
2026-10-02T23:23:42.849Z,167519,0x11,Throttle,17,%,SAE J1850 VPW,115200
2026-10-02T23:23:42.994Z,167664,0x04,Engine load,8,%,SAE J1850 VPW,115200
2026-10-02T23:23:43.158Z,167828,0x06,Short-term fuel trim,-3.9,%,SAE J1850 VPW,115200
2026-10-02T23:23:43.299Z,167969,0x0B,Intake manifold pressure,33,kPa,SAE J1850 VPW,115200
2026-10-02T23:23:43.490Z,168160,0x0E,Timing advance,37.5,°,SAE J1850 VPW,115200
2026-10-02T23:23:43.636Z,168306,0x14,"O2 sensor, bank 1 sensor 1",0.79,V,SAE J1850 VPW,115200
2026-10-02T23:23:43.796Z,168466,0x15,"O2 sensor, bank 1 sensor 2",0.86,V,SAE J1850 VPW,115200
2026-10-02T23:23:44.003Z,168673,0x0C,Engine RPM,1546,rpm,SAE J1850 VPW,115200
2026-10-02T23:23:44.147Z,168817,0x0D,Speed,38,mph,SAE J1850 VPW,115200
2026-10-02T23:23:44.289Z,168959,0x11,Throttle,18,%,SAE J1850 VPW,115200
2026-10-02T23:23:44.433Z,169103,0x04,Engine load,8,%,SAE J1850 VPW,115200
2026-10-02T23:23:44.596Z,169266,0x06,Short-term fuel trim,1.6,%,SAE J1850 VPW,115200
2026-10-02T23:23:44.738Z,169408,0x07,Long-term fuel trim,16.4,%,SAE J1850 VPW,115200
2026-10-02T23:23:44.888Z,169558,0x05,Coolant temp,190,°F,SAE J1850 VPW,115200
2026-10-02T23:23:45.042Z,169712,0x0B,Intake manifold pressure,33,kPa,SAE J1850 VPW,115200
2026-10-02T23:23:45.186Z,169856,0x0E,Timing advance,37.5,°,SAE J1850 VPW,115200
2026-10-02T23:23:45.334Z,170004,0x14,"O2 sensor, bank 1 sensor 1",0.17,V,SAE J1850 VPW,115200
2026-10-02T23:23:45.490Z,170160,0x15,"O2 sensor, bank 1 sensor 2",0.26,V,SAE J1850 VPW,115200
2026-10-02T23:23:45.634Z,170304,0x03,Fuel system,Closed loop,,SAE J1850 VPW,115200
2026-10-02T23:23:45.652Z,170322,ATRV,Battery,13.3,V,SAE J1850 VPW,115200
2026-10-02T23:23:45.858Z,170528,0x0C,Engine RPM,1620,rpm,SAE J1850 VPW,115200
2026-10-02T23:23:46.001Z,170671,0x0D,Speed,37,mph,SAE J1850 VPW,115200
2026-10-02T23:23:46.162Z,170832,0x11,Throttle,20,%,SAE J1850 VPW,115200
2026-10-02T23:23:46.306Z,170976,0x04,Engine load,13,%,SAE J1850 VPW,115200
2026-10-02T23:23:46.467Z,171137,0x06,Short-term fuel trim,0.8,%,SAE J1850 VPW,115200
2026-10-02T23:23:46.627Z,171297,0x0B,Intake manifold pressure,46,kPa,SAE J1850 VPW,115200
2026-10-02T23:23:46.770Z,171440,0x0E,Timing advance,32.0,°,SAE J1850 VPW,115200
2026-10-02T23:23:46.920Z,171590,0x14,"O2 sensor, bank 1 sensor 1",0.79,V,SAE J1850 VPW,115200
2026-10-02T23:23:47.074Z,171744,0x15,"O2 sensor, bank 1 sensor 2",0.86,V,SAE J1850 VPW,115200
2026-10-02T23:23:47.285Z,171955,0x0C,Engine RPM,1620,rpm,SAE J1850 VPW,115200
2026-10-02T23:23:47.442Z,172112,0x0D,Speed,38,mph,SAE J1850 VPW,115200
2026-10-02T23:23:47.602Z,172272,0x11,Throttle,16,%,SAE J1850 VPW,115200
2026-10-02T23:23:47.737Z,172407,0x04,Engine load,8,%,SAE J1850 VPW,115200
2026-10-02T23:23:47.890Z,172560,0x06,Short-term fuel trim,-5.5,%,SAE J1850 VPW,115200
2026-10-02T23:23:48.022Z,172692,0x0B,Intake manifold pressure,31,kPa,SAE J1850 VPW,115200
2026-10-02T23:23:48.178Z,172848,0x0E,Timing advance,36.0,°,SAE J1850 VPW,115200
2026-10-02T23:23:48.321Z,172991,0x14,"O2 sensor, bank 1 sensor 1",0.10,V,SAE J1850 VPW,115200
2026-10-02T23:23:48.487Z,173157,0x15,"O2 sensor, bank 1 sensor 2",0.14,V,SAE J1850 VPW,115200
2026-10-02T23:23:48.690Z,173360,0x0C,Engine RPM,1601,rpm,SAE J1850 VPW,115200
2026-10-02T23:23:48.836Z,173506,0x0D,Speed,38,mph,SAE J1850 VPW,115200
2026-10-02T23:23:48.963Z,173633,0x11,Throttle,20,%,SAE J1850 VPW,115200
2026-10-02T23:23:49.090Z,173760,0x04,Engine load,13,%,SAE J1850 VPW,115200
2026-10-02T23:23:49.238Z,173908,0x06,Short-term fuel trim,3.1,%,SAE J1850 VPW,115200
2026-10-02T23:23:49.385Z,174055,0x0B,Intake manifold pressure,48,kPa,SAE J1850 VPW,115200
2026-10-02T23:23:49.538Z,174208,0x0E,Timing advance,29.0,°,SAE J1850 VPW,115200
2026-10-02T23:23:49.685Z,174355,0x14,"O2 sensor, bank 1 sensor 1",0.77,V,SAE J1850 VPW,115200
2026-10-02T23:23:49.826Z,174496,0x15,"O2 sensor, bank 1 sensor 2",0.77,V,SAE J1850 VPW,115200
2026-10-02T23:23:50.020Z,174690,0x0C,Engine RPM,1719,rpm,SAE J1850 VPW,115200
2026-10-02T23:23:50.163Z,174833,0x0D,Speed,39,mph,SAE J1850 VPW,115200
2026-10-02T23:23:50.306Z,174976,0x11,Throttle,21,%,SAE J1850 VPW,115200
2026-10-02T23:23:50.451Z,175121,0x04,Engine load,13,%,SAE J1850 VPW,115200
2026-10-02T23:23:50.594Z,175264,0x06,Short-term fuel trim,-3.9,%,SAE J1850 VPW,115200
2026-10-02T23:23:50.738Z,175408,0x0B,Intake manifold pressure,48,kPa,SAE J1850 VPW,115200
2026-10-02T23:23:50.888Z,175558,0x0E,Timing advance,32.0,°,SAE J1850 VPW,115200
2026-10-02T23:23:51.042Z,175712,0x14,"O2 sensor, bank 1 sensor 1",0.15,V,SAE J1850 VPW,115200
2026-10-02T23:23:51.189Z,175859,0x15,"O2 sensor, bank 1 sensor 2",0.10,V,SAE J1850 VPW,115200
2026-10-02T23:23:51.410Z,176080,0x0C,Engine RPM,1701,rpm,SAE J1850 VPW,115200
2026-10-02T23:23:51.554Z,176224,0x0D,Speed,39,mph,SAE J1850 VPW,115200
2026-10-02T23:23:51.698Z,176368,0x11,Throttle,20,%,SAE J1850 VPW,115200
2026-10-02T23:23:51.858Z,176528,0x04,Engine load,13,%,SAE J1850 VPW,115200
2026-10-02T23:23:52.002Z,176672,0x06,Short-term fuel trim,-0.8,%,SAE J1850 VPW,115200
2026-10-02T23:23:52.149Z,176819,0x07,Long-term fuel trim,10.2,%,SAE J1850 VPW,115200
2026-10-02T23:23:52.306Z,176976,0x05,Coolant temp,189,°F,SAE J1850 VPW,115200
2026-10-02T23:23:52.469Z,177139,0x0B,Intake manifold pressure,45,kPa,SAE J1850 VPW,115200
2026-10-02T23:23:52.610Z,177280,0x0E,Timing advance,38.5,°,SAE J1850 VPW,115200
2026-10-02T23:23:52.754Z,177424,0x14,"O2 sensor, bank 1 sensor 1",0.77,V,SAE J1850 VPW,115200
2026-10-02T23:23:52.933Z,177603,0x15,"O2 sensor, bank 1 sensor 2",0.65,V,SAE J1850 VPW,115200
2026-10-02T23:23:53.089Z,177759,0x03,Fuel system,Closed loop,,SAE J1850 VPW,115200
2026-10-02T23:23:53.106Z,177776,ATRV,Battery,13.5,V,SAE J1850 VPW,115200
2026-10-02T23:23:53.300Z,177970,0x0C,Engine RPM,1671,rpm,SAE J1850 VPW,115200
2026-10-02T23:23:53.458Z,178128,0x0D,Speed,40,mph,SAE J1850 VPW,115200
2026-10-02T23:23:53.601Z,178271,0x11,Throttle,19,%,SAE J1850 VPW,115200
2026-10-02T23:23:53.748Z,178418,0x04,Engine load,11,%,SAE J1850 VPW,115200
2026-10-02T23:23:53.889Z,178559,0x06,Short-term fuel trim,0.8,%,SAE J1850 VPW,115200
2026-10-02T23:23:54.022Z,178692,0x0B,Intake manifold pressure,39,kPa,SAE J1850 VPW,115200
2026-10-02T23:23:54.179Z,178849,0x0E,Timing advance,42.5,°,SAE J1850 VPW,115200
2026-10-02T23:23:54.322Z,178992,0x14,"O2 sensor, bank 1 sensor 1",0.61,V,SAE J1850 VPW,115200
2026-10-02T23:23:54.487Z,179157,0x15,"O2 sensor, bank 1 sensor 2",0.38,V,SAE J1850 VPW,115200
2026-10-02T23:23:54.674Z,179344,0x0C,Engine RPM,1670,rpm,SAE J1850 VPW,115200
2026-10-02T23:23:54.818Z,179488,0x0D,Speed,40,mph,SAE J1850 VPW,115200
2026-10-02T23:23:54.962Z,179632,0x11,Throttle,19,%,SAE J1850 VPW,115200
2026-10-02T23:23:55.106Z,179776,0x04,Engine load,11,%,SAE J1850 VPW,115200
2026-10-02T23:23:55.254Z,179924,0x06,Short-term fuel trim,2.3,%,SAE J1850 VPW,115200
2026-10-02T23:23:55.394Z,180064,0x0B,Intake manifold pressure,40,kPa,SAE J1850 VPW,115200
2026-10-02T23:23:55.522Z,180192,0x0E,Timing advance,42.5,°,SAE J1850 VPW,115200
2026-10-02T23:23:55.653Z,180323,0x14,"O2 sensor, bank 1 sensor 1",0.34,V,SAE J1850 VPW,115200
2026-10-02T23:23:55.810Z,180480,0x15,"O2 sensor, bank 1 sensor 2",0.20,V,SAE J1850 VPW,115200
2026-10-02T23:23:56.002Z,180672,0x0C,Engine RPM,1664,rpm,SAE J1850 VPW,115200
2026-10-02T23:23:56.162Z,180832,0x0D,Speed,40,mph,SAE J1850 VPW,115200
2026-10-02T23:23:56.306Z,180976,0x11,Throttle,19,%,SAE J1850 VPW,115200
2026-10-02T23:23:56.470Z,181140,0x04,Engine load,11,%,SAE J1850 VPW,115200
2026-10-02T23:23:56.610Z,181280,0x06,Short-term fuel trim,2.3,%,SAE J1850 VPW,115200
2026-10-02T23:23:56.754Z,181424,0x0B,Intake manifold pressure,39,kPa,SAE J1850 VPW,115200
2026-10-02T23:23:56.920Z,181590,0x0E,Timing advance,42.5,°,SAE J1850 VPW,115200
2026-10-02T23:23:57.058Z,181728,0x14,"O2 sensor, bank 1 sensor 1",0.41,V,SAE J1850 VPW,115200
2026-10-02T23:23:57.204Z,181874,0x15,"O2 sensor, bank 1 sensor 2",0.21,V,SAE J1850 VPW,115200
2026-10-02T23:23:57.395Z,182065,0x0C,Engine RPM,1664,rpm,SAE J1850 VPW,115200
2026-10-02T23:23:57.522Z,182192,0x0D,Speed,40,mph,SAE J1850 VPW,115200
2026-10-02T23:23:57.651Z,182321,0x11,Throttle,19,%,SAE J1850 VPW,115200
2026-10-02T23:23:57.826Z,182496,0x04,Engine load,11,%,SAE J1850 VPW,115200
2026-10-02T23:23:57.970Z,182640,0x06,Short-term fuel trim,1.6,%,SAE J1850 VPW,115200
2026-10-02T23:23:58.120Z,182790,0x0B,Intake manifold pressure,39,kPa,SAE J1850 VPW,115200
2026-10-02T23:23:58.274Z,182944,0x0E,Timing advance,42.0,°,SAE J1850 VPW,115200
2026-10-02T23:23:58.434Z,183104,0x14,"O2 sensor, bank 1 sensor 1",0.47,V,SAE J1850 VPW,115200
2026-10-02T23:23:58.578Z,183248,0x15,"O2 sensor, bank 1 sensor 2",0.23,V,SAE J1850 VPW,115200
2026-10-02T23:23:58.790Z,183460,0x0C,Engine RPM,1655,rpm,SAE J1850 VPW,115200
2026-10-02T23:23:58.946Z,183616,0x0D,Speed,40,mph,SAE J1850 VPW,115200
2026-10-02T23:23:59.089Z,183759,0x11,Throttle,19,%,SAE J1850 VPW,115200
2026-10-02T23:23:59.235Z,183905,0x04,Engine load,11,%,SAE J1850 VPW,115200
2026-10-02T23:23:59.394Z,184064,0x06,Short-term fuel trim,-2.3,%,SAE J1850 VPW,115200
2026-10-02T23:23:59.522Z,184192,0x07,Long-term fuel trim,14.8,%,SAE J1850 VPW,115200
2026-10-02T23:23:59.653Z,184323,0x05,Coolant temp,189,°F,SAE J1850 VPW,115200
2026-10-02T23:23:59.778Z,184448,0x0B,Intake manifold pressure,40,kPa,SAE J1850 VPW,115200
2026-10-02T23:23:59.922Z,184592,0x0E,Timing advance,42.0,°,SAE J1850 VPW,115200
2026-10-02T23:24:00.072Z,184742,0x14,"O2 sensor, bank 1 sensor 1",0.74,V,SAE J1850 VPW,115200
2026-10-02T23:24:00.210Z,184880,0x15,"O2 sensor, bank 1 sensor 2",0.84,V,SAE J1850 VPW,115200
2026-10-02T23:24:00.354Z,185024,0x03,Fuel system,Closed loop,,SAE J1850 VPW,115200
2026-10-02T23:24:00.375Z,185045,ATRV,Battery,13.5,V,SAE J1850 VPW,115200
2026-10-02T23:24:00.564Z,185234,0x0C,Engine RPM,1680,rpm,SAE J1850 VPW,115200
2026-10-02T23:24:00.706Z,185376,0x0D,Speed,39,mph,SAE J1850 VPW,115200
2026-10-02T23:24:00.833Z,185503,0x11,Throttle,20,%,SAE J1850 VPW,115200
2026-10-02T23:24:00.977Z,185647,0x04,Engine load,12,%,SAE J1850 VPW,115200
2026-10-02T23:24:01.122Z,185792,0x06,Short-term fuel trim,-3.1,%,SAE J1850 VPW,115200
2026-10-02T23:24:01.267Z,185937,0x0B,Intake manifold pressure,46,kPa,SAE J1850 VPW,115200
2026-10-02T23:24:01.426Z,186096,0x0E,Timing advance,34.5,°,SAE J1850 VPW,115200
2026-10-02T23:24:01.575Z,186245,0x14,"O2 sensor, bank 1 sensor 1",0.32,V,SAE J1850 VPW,115200
2026-10-02T23:24:01.731Z,186401,0x15,"O2 sensor, bank 1 sensor 2",0.74,V,SAE J1850 VPW,115200
2026-10-02T23:24:01.938Z,186608,0x0C,Engine RPM,1721,rpm,SAE J1850 VPW,115200
2026-10-02T23:24:02.082Z,186752,0x0D,Speed,39,mph,SAE J1850 VPW,115200
2026-10-02T23:24:02.210Z,186880,0x11,Throttle,21,%,SAE J1850 VPW,115200
2026-10-02T23:24:02.337Z,187007,0x04,Engine load,14,%,SAE J1850 VPW,115200
2026-10-02T23:24:02.499Z,187169,0x06,Short-term fuel trim,-5.5,%,SAE J1850 VPW,115200
2026-10-02T23:24:02.642Z,187312,0x0B,Intake manifold pressure,49,kPa,SAE J1850 VPW,115200
2026-10-02T23:24:02.772Z,187442,0x0E,Timing advance,33.0,°,SAE J1850 VPW,115200
2026-10-02T23:24:02.904Z,187574,0x14,"O2 sensor, bank 1 sensor 1",0.10,V,SAE J1850 VPW,115200
2026-10-02T23:24:03.058Z,187728,0x15,"O2 sensor, bank 1 sensor 2",0.08,V,SAE J1850 VPW,115200
2026-10-02T23:24:03.254Z,187924,0x0C,Engine RPM,1745,rpm,SAE J1850 VPW,115200
2026-10-02T23:24:03.410Z,188080,0x0D,Speed,39,mph,SAE J1850 VPW,115200
2026-10-02T23:24:03.554Z,188224,0x11,Throttle,23,%,SAE J1850 VPW,115200
2026-10-02T23:24:03.703Z,188373,0x04,Engine load,18,%,SAE J1850 VPW,115200
2026-10-02T23:24:03.842Z,188512,0x06,Short-term fuel trim,-2.3,%,SAE J1850 VPW,115200
2026-10-02T23:24:03.989Z,188659,0x0B,Intake manifold pressure,59,kPa,SAE J1850 VPW,115200
2026-10-02T23:24:04.137Z,188807,0x0E,Timing advance,29.5,°,SAE J1850 VPW,115200
2026-10-02T23:24:04.290Z,188960,0x14,"O2 sensor, bank 1 sensor 1",0.79,V,SAE J1850 VPW,115200
2026-10-02T23:24:04.440Z,189110,0x15,"O2 sensor, bank 1 sensor 2",0.81,V,SAE J1850 VPW,115200
2026-10-02T23:24:04.626Z,189296,0x0C,Engine RPM,1854,rpm,SAE J1850 VPW,115200
2026-10-02T23:24:04.753Z,189423,0x0D,Speed,39,mph,SAE J1850 VPW,115200
2026-10-02T23:24:04.898Z,189568,0x11,Throttle,24,%,SAE J1850 VPW,115200
2026-10-02T23:24:05.042Z,189712,0x04,Engine load,18,%,SAE J1850 VPW,115200
2026-10-02T23:24:05.205Z,189875,0x06,Short-term fuel trim,1.6,%,SAE J1850 VPW,115200
2026-10-02T23:24:05.348Z,190018,0x0B,Intake manifold pressure,59,kPa,SAE J1850 VPW,115200
2026-10-02T23:24:05.490Z,190160,0x0E,Timing advance,30.0,°,SAE J1850 VPW,115200
2026-10-02T23:24:05.653Z,190323,0x14,"O2 sensor, bank 1 sensor 1",0.49,V,SAE J1850 VPW,115200
2026-10-02T23:24:05.794Z,190464,0x15,"O2 sensor, bank 1 sensor 2",0.21,V,SAE J1850 VPW,115200
2026-10-02T23:24:05.989Z,190659,0x0C,Engine RPM,1854,rpm,SAE J1850 VPW,115200
2026-10-02T23:24:06.132Z,190802,0x0D,Speed,39,mph,SAE J1850 VPW,115200
2026-10-02T23:24:06.305Z,190975,0x11,Throttle,21,%,SAE J1850 VPW,115200
2026-10-02T23:24:06.452Z,191122,0x04,Engine load,14,%,SAE J1850 VPW,115200
2026-10-02T23:24:06.610Z,191280,0x06,Short-term fuel trim,-2.3,%,SAE J1850 VPW,115200
2026-10-02T23:24:06.753Z,191423,0x07,Long-term fuel trim,14.8,%,SAE J1850 VPW,115200
2026-10-02T23:24:06.915Z,191585,0x05,Coolant temp,189,°F,SAE J1850 VPW,115200
2026-10-02T23:24:07.058Z,191728,0x0B,Intake manifold pressure,41,kPa,SAE J1850 VPW,115200
2026-10-02T23:24:07.235Z,191905,0x0E,Timing advance,42.0,°,SAE J1850 VPW,115200
2026-10-02T23:24:07.378Z,192048,0x14,"O2 sensor, bank 1 sensor 1",0.08,V,SAE J1850 VPW,115200
2026-10-02T23:24:07.538Z,192208,0x15,"O2 sensor, bank 1 sensor 2",0.10,V,SAE J1850 VPW,115200
2026-10-02T23:24:07.687Z,192357,0x03,Fuel system,Closed loop,,SAE J1850 VPW,115200
2026-10-02T23:24:07.705Z,192375,ATRV,Battery,13.4,V,SAE J1850 VPW,115200
2026-10-02T23:24:07.890Z,192560,0x0C,Engine RPM,1630,rpm,SAE J1850 VPW,115200
2026-10-02T23:24:08.019Z,192689,0x0D,Speed,37,mph,SAE J1850 VPW,115200
2026-10-02T23:24:08.147Z,192817,0x11,Throttle,20,%,SAE J1850 VPW,115200
2026-10-02T23:24:08.305Z,192975,0x04,Engine load,12,%,SAE J1850 VPW,115200
2026-10-02T23:24:08.451Z,193121,0x06,Short-term fuel trim,-3.1,%,SAE J1850 VPW,115200
2026-10-02T23:24:08.594Z,193264,0x0B,Intake manifold pressure,44,kPa,SAE J1850 VPW,115200
2026-10-02T23:24:08.739Z,193409,0x0E,Timing advance,39.0,°,SAE J1850 VPW,115200
2026-10-02T23:24:08.889Z,193559,0x14,"O2 sensor, bank 1 sensor 1",0.53,V,SAE J1850 VPW,115200
2026-10-02T23:24:09.042Z,193712,0x15,"O2 sensor, bank 1 sensor 2",0.67,V,SAE J1850 VPW,115200
2026-10-02T23:24:09.271Z,193941,0x0C,Engine RPM,1636,rpm,SAE J1850 VPW,115200
2026-10-02T23:24:09.410Z,194080,0x0D,Speed,37,mph,SAE J1850 VPW,115200
2026-10-02T23:24:09.570Z,194240,0x11,Throttle,20,%,SAE J1850 VPW,115200
2026-10-02T23:24:09.721Z,194391,0x04,Engine load,12,%,SAE J1850 VPW,115200
2026-10-02T23:24:09.874Z,194544,0x06,Short-term fuel trim,2.3,%,SAE J1850 VPW,115200
2026-10-02T23:24:10.022Z,194692,0x0B,Intake manifold pressure,45,kPa,SAE J1850 VPW,115200
2026-10-02T23:24:10.178Z,194848,0x0E,Timing advance,35.0,°,SAE J1850 VPW,115200
2026-10-02T23:24:10.322Z,194992,0x14,"O2 sensor, bank 1 sensor 1",0.23,V,SAE J1850 VPW,115200
2026-10-02T23:24:10.471Z,195141,0x15,"O2 sensor, bank 1 sensor 2",0.14,V,SAE J1850 VPW,115200
2026-10-02T23:24:10.674Z,195344,0x0C,Engine RPM,1636,rpm,SAE J1850 VPW,115200
2026-10-02T23:24:10.820Z,195490,0x0D,Speed,37,mph,SAE J1850 VPW,115200
2026-10-02T23:24:10.962Z,195632,0x11,Throttle,20,%,SAE J1850 VPW,115200
2026-10-02T23:24:11.106Z,195776,0x04,Engine load,13,%,SAE J1850 VPW,115200
2026-10-02T23:24:11.250Z,195920,0x06,Short-term fuel trim,1.6,%,SAE J1850 VPW,115200
2026-10-02T23:24:11.378Z,196048,0x0B,Intake manifold pressure,47,kPa,SAE J1850 VPW,115200
2026-10-02T23:24:11.522Z,196192,0x0E,Timing advance,34.0,°,SAE J1850 VPW,115200
2026-10-02T23:24:11.688Z,196358,0x14,"O2 sensor, bank 1 sensor 1",0.20,V,SAE J1850 VPW,115200
2026-10-02T23:24:11.826Z,196496,0x15,"O2 sensor, bank 1 sensor 2",0.14,V,SAE J1850 VPW,115200
2026-10-02T23:24:12.023Z,196693,0x0C,Engine RPM,1637,rpm,SAE J1850 VPW,115200
2026-10-02T23:24:12.194Z,196864,0x0D,Speed,37,mph,SAE J1850 VPW,115200
2026-10-02T23:24:12.338Z,197008,0x11,Throttle,20,%,SAE J1850 VPW,115200
2026-10-02T23:24:12.483Z,197153,0x04,Engine load,13,%,SAE J1850 VPW,115200
2026-10-02T23:24:12.626Z,197296,0x06,Short-term fuel trim,-2.3,%,SAE J1850 VPW,115200
2026-10-02T23:24:12.769Z,197439,0x0B,Intake manifold pressure,47,kPa,SAE J1850 VPW,115200
2026-10-02T23:24:12.901Z,197571,0x0E,Timing advance,34.0,°,SAE J1850 VPW,115200
2026-10-02T23:24:13.026Z,197696,0x14,"O2 sensor, bank 1 sensor 1",0.15,V,SAE J1850 VPW,115200
2026-10-02T23:24:13.172Z,197842,0x15,"O2 sensor, bank 1 sensor 2",0.12,V,SAE J1850 VPW,115200
2026-10-02T23:24:13.363Z,198033,0x0C,Engine RPM,1628,rpm,SAE J1850 VPW,115200
2026-10-02T23:24:13.506Z,198176,0x0D,Speed,36,mph,SAE J1850 VPW,115200
2026-10-02T23:24:13.649Z,198319,0x11,Throttle,20,%,SAE J1850 VPW,115200
2026-10-02T23:24:13.778Z,198448,0x04,Engine load,13,%,SAE J1850 VPW,115200
2026-10-02T23:24:13.922Z,198592,0x06,Short-term fuel trim,0.8,%,SAE J1850 VPW,115200
2026-10-02T23:24:14.067Z,198737,0x07,Long-term fuel trim,16.4,%,SAE J1850 VPW,115200
2026-10-02T23:24:14.210Z,198880,0x05,Coolant temp,189,°F,SAE J1850 VPW,115200
2026-10-02T23:24:14.338Z,199008,0x0B,Intake manifold pressure,48,kPa,SAE J1850 VPW,115200
2026-10-02T23:24:14.489Z,199159,0x0E,Timing advance,33.5,°,SAE J1850 VPW,115200
2026-10-02T23:24:14.626Z,199296,0x14,"O2 sensor, bank 1 sensor 1",0.70,V,SAE J1850 VPW,115200
2026-10-02T23:24:14.772Z,199442,0x15,"O2 sensor, bank 1 sensor 2",0.82,V,SAE J1850 VPW,115200
2026-10-02T23:24:14.915Z,199585,0x03,Fuel system,Closed loop,,SAE J1850 VPW,115200
2026-10-02T23:24:14.932Z,199602,ATRV,Battery,13.3,V,SAE J1850 VPW,115200
2026-10-02T23:24:15.124Z,199794,0x0C,Engine RPM,1613,rpm,SAE J1850 VPW,115200
2026-10-02T23:24:15.283Z,199953,0x0D,Speed,35,mph,SAE J1850 VPW,115200
2026-10-02T23:24:15.426Z,200096,0x11,Throttle,20,%,SAE J1850 VPW,115200
2026-10-02T23:24:15.586Z,200256,0x04,Engine load,13,%,SAE J1850 VPW,115200
2026-10-02T23:24:15.730Z,200400,0x06,Short-term fuel trim,1.6,%,SAE J1850 VPW,115200
2026-10-02T23:24:15.874Z,200544,0x0B,Intake manifold pressure,47,kPa,SAE J1850 VPW,115200
2026-10-02T23:24:16.021Z,200691,0x0E,Timing advance,35.0,°,SAE J1850 VPW,115200
2026-10-02T23:24:16.178Z,200848,0x14,"O2 sensor, bank 1 sensor 1",0.82,V,SAE J1850 VPW,115200
2026-10-02T23:24:16.322Z,200992,0x15,"O2 sensor, bank 1 sensor 2",0.88,V,SAE J1850 VPW,115200
2026-10-02T23:24:16.514Z,201184,0x0C,Engine RPM,1457,rpm,SAE J1850 VPW,115200
2026-10-02T23:24:16.642Z,201312,0x0D,Speed,35,mph,SAE J1850 VPW,115200
2026-10-02T23:24:16.785Z,201455,0x11,Throttle,16,%,SAE J1850 VPW,115200
2026-10-02T23:24:16.930Z,201600,0x04,Engine load,7,%,SAE J1850 VPW,115200
2026-10-02T23:24:17.074Z,201744,0x06,Short-term fuel trim,0.8,%,SAE J1850 VPW,115200
2026-10-02T23:24:17.235Z,201905,0x0B,Intake manifold pressure,31,kPa,SAE J1850 VPW,115200
2026-10-02T23:24:17.380Z,202050,0x0E,Timing advance,31.0,°,SAE J1850 VPW,115200
2026-10-02T23:24:17.538Z,202208,0x14,"O2 sensor, bank 1 sensor 1",0.20,V,SAE J1850 VPW,115200
2026-10-02T23:24:17.702Z,202372,0x15,"O2 sensor, bank 1 sensor 2",0.29,V,SAE J1850 VPW,115200
2026-10-02T23:24:17.890Z,202560,0x0C,Engine RPM,1351,rpm,SAE J1850 VPW,115200
2026-10-02T23:24:18.018Z,202688,0x0D,Speed,35,mph,SAE J1850 VPW,115200
2026-10-02T23:24:18.146Z,202816,0x11,Throttle,16,%,SAE J1850 VPW,115200
2026-10-02T23:24:18.274Z,202944,0x04,Engine load,7,%,SAE J1850 VPW,115200
2026-10-02T23:24:18.418Z,203088,0x06,Short-term fuel trim,2.3,%,SAE J1850 VPW,115200
2026-10-02T23:24:18.562Z,203232,0x0B,Intake manifold pressure,30,kPa,SAE J1850 VPW,115200
2026-10-02T23:24:18.707Z,203377,0x0E,Timing advance,28.5,°,SAE J1850 VPW,115200
2026-10-02T23:24:18.834Z,203504,0x14,"O2 sensor, bank 1 sensor 1",0.81,V,SAE J1850 VPW,115200
2026-10-02T23:24:18.978Z,203648,0x15,"O2 sensor, bank 1 sensor 2",0.81,V,SAE J1850 VPW,115200
2026-10-02T23:24:19.170Z,203840,0x0C,Engine RPM,1311,rpm,SAE J1850 VPW,115200
2026-10-02T23:24:19.330Z,204000,0x0D,Speed,33,mph,SAE J1850 VPW,115200
2026-10-02T23:24:19.490Z,204160,0x11,Throttle,16,%,SAE J1850 VPW,115200
2026-10-02T23:24:19.635Z,204305,0x04,Engine load,6,%,SAE J1850 VPW,115200
2026-10-02T23:24:19.794Z,204464,0x06,Short-term fuel trim,-3.1,%,SAE J1850 VPW,115200
2026-10-02T23:24:19.938Z,204608,0x0B,Intake manifold pressure,33,kPa,SAE J1850 VPW,115200
2026-10-02T23:24:20.089Z,204759,0x0E,Timing advance,26.0,°,SAE J1850 VPW,115200
2026-10-02T23:24:20.242Z,204912,0x14,"O2 sensor, bank 1 sensor 1",0.79,V,SAE J1850 VPW,115200
2026-10-02T23:24:20.386Z,205056,0x15,"O2 sensor, bank 1 sensor 2",0.84,V,SAE J1850 VPW,115200
2026-10-02T23:24:20.626Z,205296,0x0C,Engine RPM,1201,rpm,SAE J1850 VPW,115200
2026-10-02T23:24:20.770Z,205440,0x0D,Speed,30,mph,SAE J1850 VPW,115200
2026-10-02T23:24:20.901Z,205571,0x11,Throttle,16,%,SAE J1850 VPW,115200
2026-10-02T23:24:21.026Z,205696,0x04,Engine load,6,%,SAE J1850 VPW,115200
2026-10-02T23:24:21.154Z,205824,0x06,Short-term fuel trim,-1.6,%,SAE J1850 VPW,115200
2026-10-02T23:24:21.286Z,205956,0x07,Long-term fuel trim,8.6,%,SAE J1850 VPW,115200
2026-10-02T23:24:21.410Z,206080,0x05,Coolant temp,189,°F,SAE J1850 VPW,115200
2026-10-02T23:24:21.570Z,206240,0x0B,Intake manifold pressure,35,kPa,SAE J1850 VPW,115200
2026-10-02T23:24:21.698Z,206368,0x0E,Timing advance,21.0,°,SAE J1850 VPW,115200
2026-10-02T23:24:21.842Z,206512,0x14,"O2 sensor, bank 1 sensor 1",0.23,V,SAE J1850 VPW,115200
2026-10-02T23:24:21.987Z,206657,0x15,"O2 sensor, bank 1 sensor 2",0.15,V,SAE J1850 VPW,115200
2026-10-02T23:24:22.131Z,206801,0x03,Fuel system,Closed loop,,SAE J1850 VPW,115200
2026-10-02T23:24:22.146Z,206816,ATRV,Battery,13.4,V,SAE J1850 VPW,115200
2026-10-02T23:24:22.338Z,207008,0x0C,Engine RPM,1002,rpm,SAE J1850 VPW,115200
2026-10-02T23:24:22.468Z,207138,0x0D,Speed,22,mph,SAE J1850 VPW,115200
2026-10-02T23:24:22.610Z,207280,0x11,Throttle,16,%,SAE J1850 VPW,115200
2026-10-02T23:24:22.738Z,207408,0x04,Engine load,6,%,SAE J1850 VPW,115200
2026-10-02T23:24:22.883Z,207553,0x06,Short-term fuel trim,-5.5,%,SAE J1850 VPW,115200
2026-10-02T23:24:23.026Z,207696,0x0B,Intake manifold pressure,34,kPa,SAE J1850 VPW,115200
2026-10-02T23:24:23.155Z,207825,0x0E,Timing advance,22.5,°,SAE J1850 VPW,115200
2026-10-02T23:24:23.288Z,207958,0x14,"O2 sensor, bank 1 sensor 1",0.34,V,SAE J1850 VPW,115200
2026-10-02T23:24:23.426Z,208096,0x15,"O2 sensor, bank 1 sensor 2",0.77,V,SAE J1850 VPW,115200
2026-10-02T23:24:23.640Z,208310,0x0C,Engine RPM,1039,rpm,SAE J1850 VPW,115200
2026-10-02T23:24:23.794Z,208464,0x0D,Speed,16,mph,SAE J1850 VPW,115200
2026-10-02T23:24:23.939Z,208609,0x11,Throttle,16,%,SAE J1850 VPW,115200
2026-10-02T23:24:24.086Z,208756,0x04,Engine load,5,%,SAE J1850 VPW,115200
2026-10-02T23:24:24.242Z,208912,0x06,Short-term fuel trim,-4.7,%,SAE J1850 VPW,115200
2026-10-02T23:24:24.388Z,209058,0x0B,Intake manifold pressure,39,kPa,SAE J1850 VPW,115200
2026-10-02T23:24:24.535Z,209205,0x0E,Timing advance,8.5,°,SAE J1850 VPW,115200
2026-10-02T23:24:24.690Z,209360,0x14,"O2 sensor, bank 1 sensor 1",0.77,V,SAE J1850 VPW,115200
2026-10-02T23:24:24.838Z,209508,0x15,"O2 sensor, bank 1 sensor 2",0.84,V,SAE J1850 VPW,115200
2026-10-02T23:24:25.026Z,209696,0x0C,Engine RPM,882,rpm,SAE J1850 VPW,115200
2026-10-02T23:24:25.170Z,209840,0x0D,Speed,12,mph,SAE J1850 VPW,115200
2026-10-02T23:24:25.314Z,209984,0x11,Throttle,16,%,SAE J1850 VPW,115200
2026-10-02T23:24:25.460Z,210130,0x04,Engine load,6,%,SAE J1850 VPW,115200
2026-10-02T23:24:25.586Z,210256,0x06,Short-term fuel trim,2.3,%,SAE J1850 VPW,115200
2026-10-02T23:24:25.714Z,210384,0x0B,Intake manifold pressure,43,kPa,SAE J1850 VPW,115200
2026-10-02T23:24:25.874Z,210544,0x0E,Timing advance,6.5,°,SAE J1850 VPW,115200
2026-10-02T23:24:26.054Z,210724,0x14,"O2 sensor, bank 1 sensor 1",0.14,V,SAE J1850 VPW,115200
2026-10-02T23:24:26.194Z,210864,0x15,"O2 sensor, bank 1 sensor 2",0.14,V,SAE J1850 VPW,115200
2026-10-02T23:24:26.387Z,211057,0x0C,Engine RPM,874,rpm,SAE J1850 VPW,115200
2026-10-02T23:24:26.515Z,211185,0x0D,Speed,12,mph,SAE J1850 VPW,115200
2026-10-02T23:24:26.658Z,211328,0x11,Throttle,16,%,SAE J1850 VPW,115200
2026-10-02T23:24:26.802Z,211472,0x04,Engine load,6,%,SAE J1850 VPW,115200
2026-10-02T23:24:26.963Z,211633,0x06,Short-term fuel trim,-0.8,%,SAE J1850 VPW,115200
2026-10-02T23:24:27.109Z,211779,0x0B,Intake manifold pressure,44,kPa,SAE J1850 VPW,115200
2026-10-02T23:24:27.253Z,211923,0x0E,Timing advance,10.0,°,SAE J1850 VPW,115200
2026-10-02T23:24:27.394Z,212064,0x14,"O2 sensor, bank 1 sensor 1",0.17,V,SAE J1850 VPW,115200
2026-10-02T23:24:27.522Z,212192,0x15,"O2 sensor, bank 1 sensor 2",0.15,V,SAE J1850 VPW,115200
2026-10-02T23:24:27.715Z,212385,0x0C,Engine RPM,885,rpm,SAE J1850 VPW,115200
2026-10-02T23:24:27.842Z,212512,0x0D,Speed,12,mph,SAE J1850 VPW,115200
2026-10-02T23:24:27.976Z,212646,0x11,Throttle,16,%,SAE J1850 VPW,115200
2026-10-02T23:24:28.098Z,212768,0x04,Engine load,6,%,SAE J1850 VPW,115200
2026-10-02T23:24:28.226Z,212896,0x06,Short-term fuel trim,3.1,%,SAE J1850 VPW,115200
2026-10-02T23:24:28.356Z,213026,0x07,Long-term fuel trim,8.6,%,SAE J1850 VPW,115200
2026-10-02T23:24:28.498Z,213168,0x05,Coolant temp,189,°F,SAE J1850 VPW,115200
2026-10-02T23:24:28.658Z,213328,0x0B,Intake manifold pressure,43,kPa,SAE J1850 VPW,115200
2026-10-02T23:24:28.787Z,213457,0x0E,Timing advance,8.0,°,SAE J1850 VPW,115200
2026-10-02T23:24:28.916Z,213586,0x14,"O2 sensor, bank 1 sensor 1",0.70,V,SAE J1850 VPW,115200
2026-10-02T23:24:29.058Z,213728,0x15,"O2 sensor, bank 1 sensor 2",0.81,V,SAE J1850 VPW,115200
2026-10-02T23:24:29.187Z,213857,0x03,Fuel system,Closed loop,,SAE J1850 VPW,115200
2026-10-02T23:24:29.205Z,213875,ATRV,Battery,13.4,V,SAE J1850 VPW,115200
2026-10-02T23:24:29.395Z,214065,0x0C,Engine RPM,888,rpm,SAE J1850 VPW,115200
2026-10-02T23:24:29.522Z,214192,0x0D,Speed,9,mph,SAE J1850 VPW,115200
2026-10-02T23:24:29.668Z,214338,0x11,Throttle,16,%,SAE J1850 VPW,115200
2026-10-02T23:24:29.810Z,214480,0x04,Engine load,6,%,SAE J1850 VPW,115200
2026-10-02T23:24:29.954Z,214624,0x06,Short-term fuel trim,-0.8,%,SAE J1850 VPW,115200
2026-10-02T23:24:30.087Z,214757,0x0B,Intake manifold pressure,44,kPa,SAE J1850 VPW,115200
2026-10-02T23:24:30.242Z,214912,0x0E,Timing advance,11.5,°,SAE J1850 VPW,115200
2026-10-02T23:24:30.388Z,215058,0x14,"O2 sensor, bank 1 sensor 1",0.51,V,SAE J1850 VPW,115200
2026-10-02T23:24:30.531Z,215201,0x15,"O2 sensor, bank 1 sensor 2",0.59,V,SAE J1850 VPW,115200
2026-10-02T23:24:30.722Z,215392,0x0C,Engine RPM,860,rpm,SAE J1850 VPW,115200
2026-10-02T23:24:30.868Z,215538,0x0D,Speed,9,mph,SAE J1850 VPW,115200
2026-10-02T23:24:31.010Z,215680,0x11,Throttle,16,%,SAE J1850 VPW,115200
2026-10-02T23:24:31.155Z,215825,0x04,Engine load,6,%,SAE J1850 VPW,115200
2026-10-02T23:24:31.286Z,215956,0x06,Short-term fuel trim,2.3,%,SAE J1850 VPW,115200
2026-10-02T23:24:31.410Z,216080,0x0B,Intake manifold pressure,45,kPa,SAE J1850 VPW,115200
2026-10-02T23:24:31.554Z,216224,0x0E,Timing advance,6.0,°,SAE J1850 VPW,115200
2026-10-02T23:24:31.692Z,216362,0x14,"O2 sensor, bank 1 sensor 1",0.77,V,SAE J1850 VPW,115200
2026-10-02T23:24:31.826Z,216496,0x15,"O2 sensor, bank 1 sensor 2",0.84,V,SAE J1850 VPW,115200
2026-10-02T23:24:32.023Z,216693,0x0C,Engine RPM,889,rpm,SAE J1850 VPW,115200
2026-10-02T23:24:32.162Z,216832,0x0D,Speed,9,mph,SAE J1850 VPW,115200
2026-10-02T23:24:32.306Z,216976,0x11,Throttle,16,%,SAE J1850 VPW,115200
2026-10-02T23:24:32.450Z,217120,0x04,Engine load,6,%,SAE J1850 VPW,115200
2026-10-02T23:24:32.594Z,217264,0x06,Short-term fuel trim,-0.8,%,SAE J1850 VPW,115200
2026-10-02T23:24:32.738Z,217408,0x0B,Intake manifold pressure,45,kPa,SAE J1850 VPW,115200
2026-10-02T23:24:32.883Z,217553,0x0E,Timing advance,9.0,°,SAE J1850 VPW,115200
2026-10-02T23:24:33.026Z,217696,0x14,"O2 sensor, bank 1 sensor 1",0.70,V,SAE J1850 VPW,115200
2026-10-02T23:24:33.155Z,217825,0x15,"O2 sensor, bank 1 sensor 2",0.81,V,SAE J1850 VPW,115200
2026-10-02T23:24:33.347Z,218017,0x0C,Engine RPM,877,rpm,SAE J1850 VPW,115200
2026-10-02T23:24:33.490Z,218160,0x0D,Speed,7,mph,SAE J1850 VPW,115200
2026-10-02T23:24:33.656Z,218326,0x11,Throttle,16,%,SAE J1850 VPW,115200
2026-10-02T23:24:33.794Z,218464,0x04,Engine load,6,%,SAE J1850 VPW,115200
2026-10-02T23:24:33.938Z,218608,0x06,Short-term fuel trim,-0.8,%,SAE J1850 VPW,115200
2026-10-02T23:24:34.087Z,218757,0x0B,Intake manifold pressure,44,kPa,SAE J1850 VPW,115200
2026-10-02T23:24:34.242Z,218912,0x0E,Timing advance,6.5,°,SAE J1850 VPW,115200
2026-10-02T23:24:34.391Z,219061,0x14,"O2 sensor, bank 1 sensor 1",0.57,V,SAE J1850 VPW,115200
2026-10-02T23:24:34.532Z,219202,0x15,"O2 sensor, bank 1 sensor 2",0.77,V,SAE J1850 VPW,115200
2026-10-02T23:24:34.726Z,219396,0x0C,Engine RPM,903,rpm,SAE J1850 VPW,115200
2026-10-02T23:24:34.867Z,219537,0x0D,Speed,7,mph,SAE J1850 VPW,115200
2026-10-02T23:24:35.010Z,219680,0x11,Throttle,16,%,SAE J1850 VPW,115200
2026-10-02T23:24:35.158Z,219828,0x04,Engine load,6,%,SAE J1850 VPW,115200
2026-10-02T23:24:35.286Z,219956,0x06,Short-term fuel trim,-1.6,%,SAE J1850 VPW,115200
2026-10-02T23:24:35.410Z,220080,0x07,Long-term fuel trim,10.2,%,SAE J1850 VPW,115200
2026-10-02T23:24:35.540Z,220210,0x05,Coolant temp,190,°F,SAE J1850 VPW,115200
2026-10-02T23:24:35.683Z,220353,0x0B,Intake manifold pressure,43,kPa,SAE J1850 VPW,115200
2026-10-02T23:24:35.826Z,220496,0x0E,Timing advance,12.5,°,SAE J1850 VPW,115200
2026-10-02T23:24:35.971Z,220641,0x14,"O2 sensor, bank 1 sensor 1",0.51,V,SAE J1850 VPW,115200
2026-10-02T23:24:36.131Z,220801,0x15,"O2 sensor, bank 1 sensor 2",0.67,V,SAE J1850 VPW,115200
2026-10-02T23:24:36.274Z,220944,0x03,Fuel system,Closed loop,,SAE J1850 VPW,115200
2026-10-02T23:24:36.290Z,220960,ATRV,Battery,13.4,V,SAE J1850 VPW,115200
2026-10-02T23:24:36.484Z,221154,0x0C,Engine RPM,859,rpm,SAE J1850 VPW,115200
2026-10-02T23:24:36.626Z,221296,0x0D,Speed,7,mph,SAE J1850 VPW,115200
2026-10-02T23:24:36.771Z,221441,0x11,Throttle,16,%,SAE J1850 VPW,115200
2026-10-02T23:24:36.898Z,221568,0x04,Engine load,6,%,SAE J1850 VPW,115200
2026-10-02T23:24:37.043Z,221713,0x06,Short-term fuel trim,-0.8,%,SAE J1850 VPW,115200
2026-10-02T23:24:37.187Z,221857,0x0B,Intake manifold pressure,46,kPa,SAE J1850 VPW,115200
2026-10-02T23:24:37.331Z,222001,0x0E,Timing advance,19.0,°,SAE J1850 VPW,115200
2026-10-02T23:24:37.490Z,222160,0x14,"O2 sensor, bank 1 sensor 1",0.72,V,SAE J1850 VPW,115200
2026-10-02T23:24:37.636Z,222306,0x15,"O2 sensor, bank 1 sensor 2",0.81,V,SAE J1850 VPW,115200
2026-10-02T23:24:37.826Z,222496,0x0C,Engine RPM,832,rpm,SAE J1850 VPW,115200
2026-10-02T23:24:37.957Z,222627,0x0D,Speed,7,mph,SAE J1850 VPW,115200
2026-10-02T23:24:38.098Z,222768,0x11,Throttle,16,%,SAE J1850 VPW,115200
2026-10-02T23:24:38.242Z,222912,0x04,Engine load,7,%,SAE J1850 VPW,115200
2026-10-02T23:24:38.389Z,223059,0x06,Short-term fuel trim,-3.1,%,SAE J1850 VPW,115200
2026-10-02T23:24:38.546Z,223216,0x0B,Intake manifold pressure,49,kPa,SAE J1850 VPW,115200
2026-10-02T23:24:38.708Z,223378,0x0E,Timing advance,15.5,°,SAE J1850 VPW,115200
2026-10-02T23:24:38.840Z,223510,0x14,"O2 sensor, bank 1 sensor 1",0.84,V,SAE J1850 VPW,115200
2026-10-02T23:24:38.994Z,223664,0x15,"O2 sensor, bank 1 sensor 2",0.90,V,SAE J1850 VPW,115200
2026-10-02T23:24:39.189Z,223859,0x0C,Engine RPM,1057,rpm,SAE J1850 VPW,115200
2026-10-02T23:24:39.331Z,224001,0x0D,Speed,7,mph,SAE J1850 VPW,115200
2026-10-02T23:24:39.458Z,224128,0x11,Throttle,19,%,SAE J1850 VPW,115200
2026-10-02T23:24:39.587Z,224257,0x04,Engine load,9,%,SAE J1850 VPW,115200
2026-10-02T23:24:39.747Z,224417,0x06,Short-term fuel trim,-7.0,%,SAE J1850 VPW,115200
2026-10-02T23:24:39.891Z,224561,0x0B,Intake manifold pressure,52,kPa,SAE J1850 VPW,115200
2026-10-02T23:24:40.020Z,224690,0x0E,Timing advance,22.0,°,SAE J1850 VPW,115200
2026-10-02T23:24:40.162Z,224832,0x14,"O2 sensor, bank 1 sensor 1",0.59,V,SAE J1850 VPW,115200
2026-10-02T23:24:40.290Z,224960,0x15,"O2 sensor, bank 1 sensor 2",0.65,V,SAE J1850 VPW,115200
2026-10-02T23:24:40.487Z,225157,0x0C,Engine RPM,1177,rpm,SAE J1850 VPW,115200
2026-10-02T23:24:40.626Z,225296,0x0D,Speed,7,mph,SAE J1850 VPW,115200
2026-10-02T23:24:40.770Z,225440,0x11,Throttle,19,%,SAE J1850 VPW,115200
2026-10-02T23:24:40.898Z,225568,0x04,Engine load,10,%,SAE J1850 VPW,115200
2026-10-02T23:24:41.026Z,225696,0x06,Short-term fuel trim,-7.8,%,SAE J1850 VPW,115200
2026-10-02T23:24:41.159Z,225829,0x0B,Intake manifold pressure,50,kPa,SAE J1850 VPW,115200
2026-10-02T23:24:41.291Z,225961,0x0E,Timing advance,24.5,°,SAE J1850 VPW,115200
2026-10-02T23:24:41.443Z,226113,0x14,"O2 sensor, bank 1 sensor 1",0.79,V,SAE J1850 VPW,115200
2026-10-02T23:24:41.590Z,226260,0x15,"O2 sensor, bank 1 sensor 2",0.84,V,SAE J1850 VPW,115200
2026-10-02T23:24:41.779Z,226449,0x0C,Engine RPM,1318,rpm,SAE J1850 VPW,115200
2026-10-02T23:24:41.907Z,226577,0x0D,Speed,8,mph,SAE J1850 VPW,115200
2026-10-02T23:24:42.067Z,226737,0x11,Throttle,20,%,SAE J1850 VPW,115200
2026-10-02T23:24:42.210Z,226880,0x04,Engine load,11,%,SAE J1850 VPW,115200
2026-10-02T23:24:42.338Z,227008,0x06,Short-term fuel trim,-8.6,%,SAE J1850 VPW,115200
2026-10-02T23:24:42.468Z,227138,0x07,Long-term fuel trim,14.8,%,SAE J1850 VPW,115200
2026-10-02T23:24:42.611Z,227281,0x05,Coolant temp,190,°F,SAE J1850 VPW,115200
2026-10-02T23:24:42.757Z,227427,0x0B,Intake manifold pressure,48,kPa,SAE J1850 VPW,115200
2026-10-02T23:24:42.900Z,227570,0x0E,Timing advance,25.5,°,SAE J1850 VPW,115200
2026-10-02T23:24:43.026Z,227696,0x14,"O2 sensor, bank 1 sensor 1",0.77,V,SAE J1850 VPW,115200
2026-10-02T23:24:43.160Z,227830,0x15,"O2 sensor, bank 1 sensor 2",0.81,V,SAE J1850 VPW,115200
2026-10-02T23:24:43.283Z,227953,0x03,Fuel system,Closed loop,,SAE J1850 VPW,115200
2026-10-02T23:24:43.299Z,227969,ATRV,Battery,13.3,V,SAE J1850 VPW,115200
2026-10-02T23:24:43.491Z,228161,0x0C,Engine RPM,1372,rpm,SAE J1850 VPW,115200
2026-10-02T23:24:43.645Z,228315,0x0D,Speed,9,mph,SAE J1850 VPW,115200
2026-10-02T23:24:43.778Z,228448,0x11,Throttle,16,%,SAE J1850 VPW,115200
2026-10-02T23:24:43.906Z,228576,0x04,Engine load,9,%,SAE J1850 VPW,115200
2026-10-02T23:24:44.054Z,228724,0x06,Short-term fuel trim,-5.5,%,SAE J1850 VPW,115200
2026-10-02T23:24:44.195Z,228865,0x0B,Intake manifold pressure,37,kPa,SAE J1850 VPW,115200
2026-10-02T23:24:44.338Z,229008,0x0E,Timing advance,24.0,°,SAE J1850 VPW,115200
2026-10-02T23:24:44.474Z,229144,0x14,"O2 sensor, bank 1 sensor 1",0.67,V,SAE J1850 VPW,115200
2026-10-02T23:24:44.627Z,229297,0x15,"O2 sensor, bank 1 sensor 2",0.70,V,SAE J1850 VPW,115200
2026-10-02T23:24:44.821Z,229491,0x0C,Engine RPM,1047,rpm,SAE J1850 VPW,115200
2026-10-02T23:24:44.962Z,229632,0x0D,Speed,11,mph,SAE J1850 VPW,115200
2026-10-02T23:24:45.090Z,229760,0x11,Throttle,16,%,SAE J1850 VPW,115200
2026-10-02T23:24:45.218Z,229888,0x04,Engine load,6,%,SAE J1850 VPW,115200
2026-10-02T23:24:45.346Z,230016,0x06,Short-term fuel trim,-8.6,%,SAE J1850 VPW,115200
2026-10-02T23:24:45.474Z,230144,0x0B,Intake manifold pressure,41,kPa,SAE J1850 VPW,115200
2026-10-02T23:24:45.612Z,230282,0x0E,Timing advance,9.5,°,SAE J1850 VPW,115200
2026-10-02T23:24:45.763Z,230433,0x14,"O2 sensor, bank 1 sensor 1",0.28,V,SAE J1850 VPW,115200
2026-10-02T23:24:45.907Z,230577,0x15,"O2 sensor, bank 1 sensor 2",0.55,V,SAE J1850 VPW,115200
2026-10-02T23:24:46.100Z,230770,0x0C,Engine RPM,925,rpm,SAE J1850 VPW,115200
2026-10-02T23:24:46.226Z,230896,0x0D,Speed,9,mph,SAE J1850 VPW,115200
2026-10-02T23:24:46.386Z,231056,0x11,Throttle,16,%,SAE J1850 VPW,115200
2026-10-02T23:24:46.514Z,231184,0x04,Engine load,6,%,SAE J1850 VPW,115200
2026-10-02T23:24:46.674Z,231344,0x06,Short-term fuel trim,-2.3,%,SAE J1850 VPW,115200
2026-10-02T23:24:46.823Z,231493,0x0B,Intake manifold pressure,43,kPa,SAE J1850 VPW,115200
2026-10-02T23:24:46.979Z,231649,0x0E,Timing advance,7.0,°,SAE J1850 VPW,115200
2026-10-02T23:24:47.123Z,231793,0x14,"O2 sensor, bank 1 sensor 1",0.08,V,SAE J1850 VPW,115200
2026-10-02T23:24:47.272Z,231942,0x15,"O2 sensor, bank 1 sensor 2",0.08,V,SAE J1850 VPW,115200
2026-10-02T23:24:47.458Z,232128,0x0C,Engine RPM,963,rpm,SAE J1850 VPW,115200
2026-10-02T23:24:47.591Z,232261,0x0D,Speed,8,mph,SAE J1850 VPW,115200
2026-10-02T23:24:47.746Z,232416,0x11,Throttle,18,%,SAE J1850 VPW,115200
2026-10-02T23:24:47.890Z,232560,0x04,Engine load,7,%,SAE J1850 VPW,115200
2026-10-02T23:24:48.020Z,232690,0x06,Short-term fuel trim,-6.3,%,SAE J1850 VPW,115200
2026-10-02T23:24:48.147Z,232817,0x0B,Intake manifold pressure,49,kPa,SAE J1850 VPW,115200
2026-10-02T23:24:48.276Z,232946,0x0E,Timing advance,23.0,°,SAE J1850 VPW,115200
2026-10-02T23:24:48.403Z,233073,0x14,"O2 sensor, bank 1 sensor 1",0.08,V,SAE J1850 VPW,115200
2026-10-02T23:24:48.530Z,233200,0x15,"O2 sensor, bank 1 sensor 2",0.12,V,SAE J1850 VPW,115200
2026-10-02T23:24:48.723Z,233393,0x0C,Engine RPM,1350,rpm,SAE J1850 VPW,115200
2026-10-02T23:24:48.855Z,233525,0x0D,Speed,8,mph,SAE J1850 VPW,115200
2026-10-02T23:24:48.995Z,233665,0x11,Throttle,16,%,SAE J1850 VPW,115200
2026-10-02T23:24:49.139Z,233809,0x04,Engine load,8,%,SAE J1850 VPW,115200
2026-10-02T23:24:49.300Z,233970,0x06,Short-term fuel trim,-3.1,%,SAE J1850 VPW,115200
2026-10-02T23:24:49.442Z,234112,0x07,Long-term fuel trim,9.4,%,SAE J1850 VPW,115200
2026-10-02T23:24:49.587Z,234257,0x05,Coolant temp,190,°F,SAE J1850 VPW,115200
2026-10-02T23:24:49.731Z,234401,0x0B,Intake manifold pressure,41,kPa,SAE J1850 VPW,115200
2026-10-02T23:24:49.859Z,234529,0x0E,Timing advance,14.0,°,SAE J1850 VPW,115200
2026-10-02T23:24:50.006Z,234676,0x14,"O2 sensor, bank 1 sensor 1",0.14,V,SAE J1850 VPW,115200
2026-10-02T23:24:50.147Z,234817,0x15,"O2 sensor, bank 1 sensor 2",0.23,V,SAE J1850 VPW,115200
2026-10-02T23:24:50.274Z,234944,0x03,Fuel system,Closed loop,,SAE J1850 VPW,115200
2026-10-02T23:24:50.292Z,234962,ATRV,Battery,13.5,V,SAE J1850 VPW,115200
2026-10-02T23:24:50.471Z,235141,0x0C,Engine RPM,946,rpm,SAE J1850 VPW,115200
2026-10-02T23:24:50.594Z,235264,0x0D,Speed,7,mph,SAE J1850 VPW,115200
2026-10-02T23:24:50.722Z,235392,0x11,Throttle,16,%,SAE J1850 VPW,115200
2026-10-02T23:24:50.856Z,235526,0x04,Engine load,7,%,SAE J1850 VPW,115200
2026-10-02T23:24:51.011Z,235681,0x06,Short-term fuel trim,-2.3,%,SAE J1850 VPW,115200
2026-10-02T23:24:51.156Z,235826,0x0B,Intake manifold pressure,45,kPa,SAE J1850 VPW,115200
2026-10-02T23:24:51.284Z,235954,0x0E,Timing advance,8.0,°,SAE J1850 VPW,115200
2026-10-02T23:24:51.427Z,236097,0x14,"O2 sensor, bank 1 sensor 1",0.39,V,SAE J1850 VPW,115200
2026-10-02T23:24:51.572Z,236242,0x15,"O2 sensor, bank 1 sensor 2",0.43,V,SAE J1850 VPW,115200
2026-10-02T23:24:51.779Z,236449,0x0C,Engine RPM,899,rpm,SAE J1850 VPW,115200
2026-10-02T23:24:51.906Z,236576,0x0D,Speed,5,mph,SAE J1850 VPW,115200
2026-10-02T23:24:52.038Z,236708,0x11,Throttle,16,%,SAE J1850 VPW,115200
2026-10-02T23:24:52.162Z,236832,0x04,Engine load,6,%,SAE J1850 VPW,115200
2026-10-02T23:24:52.291Z,236961,0x06,Short-term fuel trim,0.0,%,SAE J1850 VPW,115200
2026-10-02T23:24:52.421Z,237091,0x0B,Intake manifold pressure,46,kPa,SAE J1850 VPW,115200
2026-10-02T23:24:52.547Z,237217,0x0E,Timing advance,10.5,°,SAE J1850 VPW,115200
2026-10-02T23:24:52.690Z,237360,0x14,"O2 sensor, bank 1 sensor 1",0.10,V,SAE J1850 VPW,115200
2026-10-02T23:24:52.843Z,237513,0x15,"O2 sensor, bank 1 sensor 2",0.10,V,SAE J1850 VPW,115200
2026-10-02T23:24:53.027Z,237697,0x0C,Engine RPM,863,rpm,SAE J1850 VPW,115200
2026-10-02T23:24:53.155Z,237825,0x0D,Speed,3,mph,SAE J1850 VPW,115200
2026-10-02T23:24:53.284Z,237954,0x11,Throttle,16,%,SAE J1850 VPW,115200
2026-10-02T23:24:53.410Z,238080,0x04,Engine load,6,%,SAE J1850 VPW,115200
2026-10-02T23:24:53.540Z,238210,0x06,Short-term fuel trim,0.0,%,SAE J1850 VPW,115200
2026-10-02T23:24:53.667Z,238337,0x0B,Intake manifold pressure,44,kPa,SAE J1850 VPW,115200
2026-10-02T23:24:53.811Z,238481,0x0E,Timing advance,9.0,°,SAE J1850 VPW,115200
2026-10-02T23:24:53.959Z,238629,0x14,"O2 sensor, bank 1 sensor 1",0.28,V,SAE J1850 VPW,115200
2026-10-02T23:24:54.099Z,238769,0x15,"O2 sensor, bank 1 sensor 2",0.57,V,SAE J1850 VPW,115200
2026-10-02T23:24:54.277Z,238947,0x0C,Engine RPM,818,rpm,SAE J1850 VPW,115200
2026-10-02T23:24:54.402Z,239072,0x0D,Speed,1,mph,SAE J1850 VPW,115200
2026-10-02T23:24:54.531Z,239201,0x11,Throttle,16,%,SAE J1850 VPW,115200
2026-10-02T23:24:54.658Z,239328,0x04,Engine load,6,%,SAE J1850 VPW,115200
2026-10-02T23:24:54.803Z,239473,0x06,Short-term fuel trim,-1.6,%,SAE J1850 VPW,115200
2026-10-02T23:24:54.947Z,239617,0x0B,Intake manifold pressure,52,kPa,SAE J1850 VPW,115200
2026-10-02T23:24:55.091Z,239761,0x0E,Timing advance,16.0,°,SAE J1850 VPW,115200
2026-10-02T23:24:55.224Z,239894,0x14,"O2 sensor, bank 1 sensor 1",0.86,V,SAE J1850 VPW,115200
2026-10-02T23:24:55.347Z,240017,0x15,"O2 sensor, bank 1 sensor 2",0.90,V,SAE J1850 VPW,115200
2026-10-02T23:24:55.544Z,240214,0x0C,Engine RPM,1345,rpm,SAE J1850 VPW,115200
2026-10-02T23:24:55.675Z,240345,0x0D,Speed,4,mph,SAE J1850 VPW,115200
2026-10-02T23:24:55.827Z,240497,0x11,Throttle,20,%,SAE J1850 VPW,115200
2026-10-02T23:24:55.974Z,240644,0x04,Engine load,11,%,SAE J1850 VPW,115200
2026-10-02T23:24:56.101Z,240771,0x06,Short-term fuel trim,3.9,%,SAE J1850 VPW,115200
2026-10-02T23:24:56.227Z,240897,0x07,Long-term fuel trim,13.3,%,SAE J1850 VPW,115200
2026-10-02T23:24:56.356Z,241026,0x05,Coolant temp,190,°F,SAE J1850 VPW,115200
2026-10-02T23:24:56.522Z,241192,0x0B,Intake manifold pressure,55,kPa,SAE J1850 VPW,115200
2026-10-02T23:24:56.659Z,241329,0x0E,Timing advance,26.5,°,SAE J1850 VPW,115200
2026-10-02T23:24:56.825Z,241495,0x14,"O2 sensor, bank 1 sensor 1",0.57,V,SAE J1850 VPW,115200
2026-10-02T23:24:56.963Z,241633,0x15,"O2 sensor, bank 1 sensor 2",0.67,V,SAE J1850 VPW,115200
2026-10-02T23:24:57.092Z,241762,0x03,Fuel system,Closed loop,,SAE J1850 VPW,115200
2026-10-02T23:24:57.107Z,241777,ATRV,Battery,13.2,V,SAE J1850 VPW,115200
2026-10-02T23:24:57.301Z,241971,0x0C,Engine RPM,1564,rpm,SAE J1850 VPW,115200
2026-10-02T23:24:57.428Z,242098,0x0D,Speed,7,mph,SAE J1850 VPW,115200
2026-10-02T23:24:57.572Z,242242,0x11,Throttle,22,%,SAE J1850 VPW,115200
2026-10-02T23:24:57.714Z,242384,0x04,Engine load,15,%,SAE J1850 VPW,115200
2026-10-02T23:24:57.843Z,242513,0x06,Short-term fuel trim,-0.8,%,SAE J1850 VPW,115200
2026-10-02T23:24:57.976Z,242646,0x0B,Intake manifold pressure,56,kPa,SAE J1850 VPW,115200
2026-10-02T23:24:58.101Z,242771,0x0E,Timing advance,28.5,°,SAE J1850 VPW,115200
2026-10-02T23:24:58.227Z,242897,0x14,"O2 sensor, bank 1 sensor 1",0.20,V,SAE J1850 VPW,115200
2026-10-02T23:24:58.356Z,243026,0x15,"O2 sensor, bank 1 sensor 2",0.12,V,SAE J1850 VPW,115200
2026-10-02T23:24:58.563Z,243233,0x0C,Engine RPM,1835,rpm,SAE J1850 VPW,115200
2026-10-02T23:24:58.691Z,243361,0x0D,Speed,9,mph,SAE J1850 VPW,115200
2026-10-02T23:24:58.835Z,243505,0x11,Throttle,24,%,SAE J1850 VPW,115200
2026-10-02T23:24:58.978Z,243648,0x04,Engine load,21,%,SAE J1850 VPW,115200
2026-10-02T23:24:59.107Z,243777,0x06,Short-term fuel trim,3.9,%,SAE J1850 VPW,115200
2026-10-02T23:24:59.240Z,243910,0x0B,Intake manifold pressure,67,kPa,SAE J1850 VPW,115200
2026-10-02T23:24:59.379Z,244049,0x0E,Timing advance,30.0,°,SAE J1850 VPW,115200
2026-10-02T23:24:59.523Z,244193,0x14,"O2 sensor, bank 1 sensor 1",0.74,V,SAE J1850 VPW,115200
2026-10-02T23:24:59.655Z,244325,0x15,"O2 sensor, bank 1 sensor 2",0.79,V,SAE J1850 VPW,115200
2026-10-02T23:24:59.843Z,244513,0x0C,Engine RPM,2401,rpm,SAE J1850 VPW,115200
2026-10-02T23:24:59.972Z,244642,0x0D,Speed,14,mph,SAE J1850 VPW,115200
2026-10-02T23:25:00.098Z,244768,0x11,Throttle,27,%,SAE J1850 VPW,115200
2026-10-02T23:25:00.226Z,244896,0x04,Engine load,27,%,SAE J1850 VPW,115200
2026-10-02T23:25:00.354Z,245024,0x06,Short-term fuel trim,1.6,%,SAE J1850 VPW,115200
2026-10-02T23:25:00.483Z,245153,0x0B,Intake manifold pressure,65,kPa,SAE J1850 VPW,115200
2026-10-02T23:25:00.611Z,245281,0x0E,Timing advance,30.0,°,SAE J1850 VPW,115200
2026-10-02T23:25:00.741Z,245411,0x14,"O2 sensor, bank 1 sensor 1",0.81,V,SAE J1850 VPW,115200
2026-10-02T23:25:00.884Z,245554,0x15,"O2 sensor, bank 1 sensor 2",0.82,V,SAE J1850 VPW,115200
2026-10-02T23:25:01.061Z,245731,0x0C,Engine RPM,2084,rpm,SAE J1850 VPW,115200
2026-10-02T23:25:01.188Z,245858,0x0D,Speed,17,mph,SAE J1850 VPW,115200
2026-10-02T23:25:01.331Z,246001,0x11,Throttle,27,%,SAE J1850 VPW,115200
2026-10-02T23:25:01.474Z,246144,0x04,Engine load,25,%,SAE J1850 VPW,115200
2026-10-02T23:25:01.604Z,246274,0x06,Short-term fuel trim,-1.6,%,SAE J1850 VPW,115200
2026-10-02T23:25:01.732Z,246402,0x0B,Intake manifold pressure,70,kPa,SAE J1850 VPW,115200
2026-10-02T23:25:01.883Z,246553,0x0E,Timing advance,28.5,°,SAE J1850 VPW,115200
2026-10-02T23:25:02.008Z,246678,0x14,"O2 sensor, bank 1 sensor 1",0.72,V,SAE J1850 VPW,115200
2026-10-02T23:25:02.147Z,246817,0x15,"O2 sensor, bank 1 sensor 2",0.63,V,SAE J1850 VPW,115200
2026-10-02T23:25:02.346Z,247016,0x0C,Engine RPM,2166,rpm,SAE J1850 VPW,115200
2026-10-02T23:25:02.483Z,247153,0x0D,Speed,20,mph,SAE J1850 VPW,115200
2026-10-02T23:25:02.615Z,247285,0x11,Throttle,27,%,SAE J1850 VPW,115200
2026-10-02T23:25:02.787Z,247457,0x04,Engine load,25,%,SAE J1850 VPW,115200
2026-10-02T23:25:02.915Z,247585,0x06,Short-term fuel trim,-3.1,%,SAE J1850 VPW,115200
2026-10-02T23:25:03.045Z,247715,0x07,Long-term fuel trim,8.6,%,SAE J1850 VPW,115200
2026-10-02T23:25:03.177Z,247847,0x05,Coolant temp,192,°F,SAE J1850 VPW,115200
2026-10-02T23:25:03.300Z,247970,0x0B,Intake manifold pressure,67,kPa,SAE J1850 VPW,115200
2026-10-02T23:25:03.461Z,248131,0x0E,Timing advance,31.5,°,SAE J1850 VPW,115200
2026-10-02T23:25:03.606Z,248276,0x14,"O2 sensor, bank 1 sensor 1",0.23,V,SAE J1850 VPW,115200
2026-10-02T23:25:03.748Z,248418,0x15,"O2 sensor, bank 1 sensor 2",0.10,V,SAE J1850 VPW,115200
2026-10-02T23:25:03.908Z,248578,0x03,Fuel system,Closed loop,,SAE J1850 VPW,115200
2026-10-02T23:25:03.925Z,248595,ATRV,Battery,13.4,V,SAE J1850 VPW,115200
2026-10-02T23:25:04.115Z,248785,0x0C,Engine RPM,2370,rpm,SAE J1850 VPW,115200
2026-10-02T23:25:04.244Z,248914,0x0D,Speed,24,mph,SAE J1850 VPW,115200
2026-10-02T23:25:04.371Z,249041,0x11,Throttle,27,%,SAE J1850 VPW,115200
2026-10-02T23:25:04.500Z,249170,0x04,Engine load,25,%,SAE J1850 VPW,115200
2026-10-02T23:25:04.643Z,249313,0x06,Short-term fuel trim,-3.1,%,SAE J1850 VPW,115200
2026-10-02T23:25:04.804Z,249474,0x0B,Intake manifold pressure,72,kPa,SAE J1850 VPW,115200
2026-10-02T23:25:04.963Z,249633,0x0E,Timing advance,28.0,°,SAE J1850 VPW,115200
2026-10-02T23:25:05.091Z,249761,0x14,"O2 sensor, bank 1 sensor 1",0.72,V,SAE J1850 VPW,115200
2026-10-02T23:25:05.241Z,249911,0x15,"O2 sensor, bank 1 sensor 2",0.69,V,SAE J1850 VPW,115200
2026-10-02T23:25:05.427Z,250097,0x0C,Engine RPM,2096,rpm,SAE J1850 VPW,115200
2026-10-02T23:25:05.557Z,250227,0x0D,Speed,26,mph,SAE J1850 VPW,115200
2026-10-02T23:25:05.699Z,250369,0x11,Throttle,27,%,SAE J1850 VPW,115200
2026-10-02T23:25:05.843Z,250513,0x04,Engine load,25,%,SAE J1850 VPW,115200
2026-10-02T23:25:05.970Z,250640,0x06,Short-term fuel trim,-3.9,%,SAE J1850 VPW,115200
2026-10-02T23:25:06.099Z,250769,0x0B,Intake manifold pressure,72,kPa,SAE J1850 VPW,115200
2026-10-02T23:25:06.243Z,250913,0x0E,Timing advance,28.5,°,SAE J1850 VPW,115200
2026-10-02T23:25:06.372Z,251042,0x14,"O2 sensor, bank 1 sensor 1",0.59,V,SAE J1850 VPW,115200
2026-10-02T23:25:06.515Z,251185,0x15,"O2 sensor, bank 1 sensor 2",0.15,V,SAE J1850 VPW,115200
2026-10-02T23:25:06.691Z,251361,0x0C,Engine RPM,2097,rpm,SAE J1850 VPW,115200
2026-10-02T23:25:06.836Z,251506,0x0D,Speed,27,mph,SAE J1850 VPW,115200
2026-10-02T23:25:06.979Z,251649,0x11,Throttle,27,%,SAE J1850 VPW,115200
2026-10-02T23:25:07.106Z,251776,0x04,Engine load,24,%,SAE J1850 VPW,115200
2026-10-02T23:25:07.237Z,251907,0x06,Short-term fuel trim,-4.7,%,SAE J1850 VPW,115200
2026-10-02T23:25:07.363Z,252033,0x0B,Intake manifold pressure,68,kPa,SAE J1850 VPW,115200
2026-10-02T23:25:07.491Z,252161,0x0E,Timing advance,31.5,°,SAE J1850 VPW,115200
2026-10-02T23:25:07.624Z,252294,0x14,"O2 sensor, bank 1 sensor 1",0.81,V,SAE J1850 VPW,115200
2026-10-02T23:25:07.748Z,252418,0x15,"O2 sensor, bank 1 sensor 2",0.81,V,SAE J1850 VPW,115200
2026-10-02T23:25:07.925Z,252595,0x0C,Engine RPM,1776,rpm,SAE J1850 VPW,115200
2026-10-02T23:25:08.060Z,252730,0x0D,Speed,29,mph,SAE J1850 VPW,115200
2026-10-02T23:25:08.195Z,252865,0x11,Throttle,16,%,SAE J1850 VPW,115200
2026-10-02T23:25:08.324Z,252994,0x04,Engine load,9,%,SAE J1850 VPW,115200
2026-10-02T23:25:08.467Z,253137,0x06,Short-term fuel trim,-7.8,%,SAE J1850 VPW,115200
2026-10-02T23:25:08.595Z,253265,0x0B,Intake manifold pressure,32,kPa,SAE J1850 VPW,115200
2026-10-02T23:25:08.723Z,253393,0x0E,Timing advance,40.0,°,SAE J1850 VPW,115200
2026-10-02T23:25:08.872Z,253542,0x14,"O2 sensor, bank 1 sensor 1",0.82,V,SAE J1850 VPW,115200
2026-10-02T23:25:09.011Z,253681,0x15,"O2 sensor, bank 1 sensor 2",0.88,V,SAE J1850 VPW,115200
2026-10-02T23:25:09.208Z,253878,0x0C,Engine RPM,1723,rpm,SAE J1850 VPW,115200
2026-10-02T23:25:09.347Z,254017,0x0D,Speed,29,mph,SAE J1850 VPW,115200
2026-10-02T23:25:09.475Z,254145,0x11,Throttle,20,%,SAE J1850 VPW,115200
2026-10-02T23:25:09.607Z,254277,0x04,Engine load,12,%,SAE J1850 VPW,115200
2026-10-02T23:25:09.731Z,254401,0x06,Short-term fuel trim,-0.8,%,SAE J1850 VPW,115200
2026-10-02T23:25:09.860Z,254530,0x07,Long-term fuel trim,11.7,%,SAE J1850 VPW,115200
2026-10-02T23:25:09.991Z,254661,0x05,Coolant temp,194,°F,SAE J1850 VPW,115200
2026-10-02T23:25:10.115Z,254785,0x0B,Intake manifold pressure,43,kPa,SAE J1850 VPW,115200
2026-10-02T23:25:10.243Z,254913,0x0E,Timing advance,37.5,°,SAE J1850 VPW,115200
2026-10-02T23:25:10.372Z,255042,0x14,"O2 sensor, bank 1 sensor 1",0.53,V,SAE J1850 VPW,115200
2026-10-02T23:25:10.516Z,255186,0x15,"O2 sensor, bank 1 sensor 2",0.74,V,SAE J1850 VPW,115200
2026-10-02T23:25:10.659Z,255329,0x03,Fuel system,Closed loop,,SAE J1850 VPW,115200
2026-10-02T23:25:10.675Z,255345,ATRV,Battery,13.5,V,SAE J1850 VPW,115200
2026-10-02T23:25:10.867Z,255537,0x0C,Engine RPM,1797,rpm,SAE J1850 VPW,115200
2026-10-02T23:25:10.995Z,255665,0x0D,Speed,29,mph,SAE J1850 VPW,115200
2026-10-02T23:25:11.139Z,255809,0x11,Throttle,20,%,SAE J1850 VPW,115200
2026-10-02T23:25:11.284Z,255954,0x04,Engine load,13,%,SAE J1850 VPW,115200
2026-10-02T23:25:11.411Z,256081,0x06,Short-term fuel trim,2.3,%,SAE J1850 VPW,115200
2026-10-02T23:25:11.543Z,256213,0x0B,Intake manifold pressure,44,kPa,SAE J1850 VPW,115200
2026-10-02T23:25:11.671Z,256341,0x0E,Timing advance,37.0,°,SAE J1850 VPW,115200
2026-10-02T23:25:11.811Z,256481,0x14,"O2 sensor, bank 1 sensor 1",0.15,V,SAE J1850 VPW,115200
2026-10-02T23:25:11.972Z,256642,0x15,"O2 sensor, bank 1 sensor 2",0.10,V,SAE J1850 VPW,115200
2026-10-02T23:25:12.164Z,256834,0x0C,Engine RPM,1860,rpm,SAE J1850 VPW,115200
2026-10-02T23:25:12.292Z,256962,0x0D,Speed,29,mph,SAE J1850 VPW,115200
2026-10-02T23:25:12.419Z,257089,0x11,Throttle,24,%,SAE J1850 VPW,115200
2026-10-02T23:25:12.563Z,257233,0x04,Engine load,19,%,SAE J1850 VPW,115200
2026-10-02T23:25:12.708Z,257378,0x06,Short-term fuel trim,-1.6,%,SAE J1850 VPW,115200
2026-10-02T23:25:12.867Z,257537,0x0B,Intake manifold pressure,58,kPa,SAE J1850 VPW,115200
2026-10-02T23:25:13.011Z,257681,0x0E,Timing advance,32.0,°,SAE J1850 VPW,115200
2026-10-02T23:25:13.155Z,257825,0x14,"O2 sensor, bank 1 sensor 1",0.77,V,SAE J1850 VPW,115200
2026-10-02T23:25:13.300Z,257970,0x15,"O2 sensor, bank 1 sensor 2",0.51,V,SAE J1850 VPW,115200
2026-10-02T23:25:13.524Z,258194,0x0C,Engine RPM,2010,rpm,SAE J1850 VPW,115200
2026-10-02T23:25:13.663Z,258333,0x0D,Speed,30,mph,SAE J1850 VPW,115200
2026-10-02T23:25:13.795Z,258465,0x11,Throttle,24,%,SAE J1850 VPW,115200
2026-10-02T23:25:13.923Z,258593,0x04,Engine load,19,%,SAE J1850 VPW,115200
2026-10-02T23:25:14.068Z,258738,0x06,Short-term fuel trim,-2.3,%,SAE J1850 VPW,115200
2026-10-02T23:25:14.211Z,258881,0x0B,Intake manifold pressure,58,kPa,SAE J1850 VPW,115200
2026-10-02T23:25:14.343Z,259013,0x0E,Timing advance,32.5,°,SAE J1850 VPW,115200
2026-10-02T23:25:14.483Z,259153,0x14,"O2 sensor, bank 1 sensor 1",0.70,V,SAE J1850 VPW,115200
2026-10-02T23:25:14.611Z,259281,0x15,"O2 sensor, bank 1 sensor 2",0.82,V,SAE J1850 VPW,115200
2026-10-02T23:25:14.790Z,259460,0x0C,Engine RPM,2052,rpm,SAE J1850 VPW,115200
2026-10-02T23:25:14.915Z,259585,0x0D,Speed,32,mph,SAE J1850 VPW,115200
2026-10-02T23:25:15.043Z,259713,0x11,Throttle,23,%,SAE J1850 VPW,115200
2026-10-02T23:25:15.170Z,259840,0x04,Engine load,18,%,SAE J1850 VPW,115200
2026-10-02T23:25:15.331Z,260001,0x06,Short-term fuel trim,0.0,%,SAE J1850 VPW,115200
2026-10-02T23:25:15.492Z,260162,0x0B,Intake manifold pressure,51,kPa,SAE J1850 VPW,115200
2026-10-02T23:25:15.645Z,260315,0x0E,Timing advance,35.0,°,SAE J1850 VPW,115200
2026-10-02T23:25:15.779Z,260449,0x14,"O2 sensor, bank 1 sensor 1",0.32,V,SAE J1850 VPW,115200
2026-10-02T23:25:15.907Z,260577,0x15,"O2 sensor, bank 1 sensor 2",0.12,V,SAE J1850 VPW,115200
2026-10-02T23:25:16.100Z,260770,0x0C,Engine RPM,2045,rpm,SAE J1850 VPW,115200
2026-10-02T23:25:16.227Z,260897,0x0D,Speed,32,mph,SAE J1850 VPW,115200
2026-10-02T23:25:16.358Z,261028,0x11,Throttle,23,%,SAE J1850 VPW,115200
2026-10-02T23:25:16.483Z,261153,0x04,Engine load,17,%,SAE J1850 VPW,115200
2026-10-02T23:25:16.627Z,261297,0x06,Short-term fuel trim,-4.7,%,SAE J1850 VPW,115200
2026-10-02T23:25:16.759Z,261429,0x07,Long-term fuel trim,10.2,%,SAE J1850 VPW,115200
2026-10-02T23:25:16.899Z,261569,0x05,Coolant temp,196,°F,SAE J1850 VPW,115200
2026-10-02T23:25:17.027Z,261697,0x0B,Intake manifold pressure,50,kPa,SAE J1850 VPW,115200
2026-10-02T23:25:17.141Z,261811,0x0E,Timing advance,35.5,°,SAE J1850 VPW,115200
2026-10-02T23:25:17.284Z,261954,0x14,"O2 sensor, bank 1 sensor 1",0.14,V,SAE J1850 VPW,115200
2026-10-02T23:25:17.411Z,262081,0x15,"O2 sensor, bank 1 sensor 2",0.12,V,SAE J1850 VPW,115200
2026-10-02T23:25:17.539Z,262209,0x03,Fuel system,Closed loop,,SAE J1850 VPW,115200
2026-10-02T23:25:17.558Z,262228,ATRV,Battery,13.5,V,SAE J1850 VPW,115200
2026-10-02T23:25:17.731Z,262401,0x0C,Engine RPM,2075,rpm,SAE J1850 VPW,115200
2026-10-02T23:25:17.875Z,262545,0x0D,Speed,34,mph,SAE J1850 VPW,115200
2026-10-02T23:25:18.003Z,262673,0x11,Throttle,23,%,SAE J1850 VPW,115200
2026-10-02T23:25:18.130Z,262800,0x04,Engine load,16,%,SAE J1850 VPW,115200
2026-10-02T23:25:18.259Z,262929,0x06,Short-term fuel trim,1.6,%,SAE J1850 VPW,115200
2026-10-02T23:25:18.407Z,263077,0x0B,Intake manifold pressure,54,kPa,SAE J1850 VPW,115200
2026-10-02T23:25:18.563Z,263233,0x0E,Timing advance,32.0,°,SAE J1850 VPW,115200
2026-10-02T23:25:18.707Z,263377,0x14,"O2 sensor, bank 1 sensor 1",0.45,V,SAE J1850 VPW,115200
2026-10-02T23:25:18.899Z,263569,0x15,"O2 sensor, bank 1 sensor 2",0.10,V,SAE J1850 VPW,115200
2026-10-02T23:25:19.109Z,263779,0x0C,Engine RPM,1825,rpm,SAE J1850 VPW,115200
2026-10-02T23:25:19.253Z,263923,0x0D,Speed,35,mph,SAE J1850 VPW,115200
2026-10-02T23:25:19.395Z,264065,0x11,Throttle,24,%,SAE J1850 VPW,115200
2026-10-02T23:25:19.523Z,264193,0x04,Engine load,20,%,SAE J1850 VPW,115200
2026-10-02T23:25:19.652Z,264322,0x06,Short-term fuel trim,2.3,%,SAE J1850 VPW,115200
2026-10-02T23:25:19.811Z,264481,0x0B,Intake manifold pressure,64,kPa,SAE J1850 VPW,115200
2026-10-02T23:25:19.992Z,264662,0x0E,Timing advance,28.5,°,SAE J1850 VPW,115200
2026-10-02T23:25:20.131Z,264801,0x14,"O2 sensor, bank 1 sensor 1",0.17,V,SAE J1850 VPW,115200
2026-10-02T23:25:20.275Z,264945,0x15,"O2 sensor, bank 1 sensor 2",0.72,V,SAE J1850 VPW,115200
2026-10-02T23:25:20.483Z,265153,0x0C,Engine RPM,1906,rpm,SAE J1850 VPW,115200
2026-10-02T23:25:20.627Z,265297,0x0D,Speed,35,mph,SAE J1850 VPW,115200
2026-10-02T23:25:20.773Z,265443,0x11,Throttle,24,%,SAE J1850 VPW,115200
2026-10-02T23:25:20.915Z,265585,0x04,Engine load,21,%,SAE J1850 VPW,115200
2026-10-02T23:25:21.059Z,265729,0x06,Short-term fuel trim,0.8,%,SAE J1850 VPW,115200
2026-10-02T23:25:21.209Z,265879,0x0B,Intake manifold pressure,66,kPa,SAE J1850 VPW,115200
2026-10-02T23:25:21.363Z,266033,0x0E,Timing advance,28.5,°,SAE J1850 VPW,115200
2026-10-02T23:25:21.510Z,266180,0x14,"O2 sensor, bank 1 sensor 1",0.69,V,SAE J1850 VPW,115200
2026-10-02T23:25:21.667Z,266337,0x15,"O2 sensor, bank 1 sensor 2",0.26,V,SAE J1850 VPW,115200
2026-10-02T23:25:21.875Z,266545,0x0C,Engine RPM,1935,rpm,SAE J1850 VPW,115200
2026-10-02T23:25:22.039Z,266709,0x0D,Speed,37,mph,SAE J1850 VPW,115200
2026-10-02T23:25:22.179Z,266849,0x11,Throttle,25,%,SAE J1850 VPW,115200
2026-10-02T23:25:22.323Z,266993,0x04,Engine load,21,%,SAE J1850 VPW,115200
2026-10-02T23:25:22.499Z,267169,0x06,Short-term fuel trim,-4.7,%,SAE J1850 VPW,115200
2026-10-02T23:25:22.660Z,267330,0x0B,Intake manifold pressure,51,kPa,SAE J1850 VPW,115200
2026-10-02T23:25:22.810Z,267480,0x0E,Timing advance,34.5,°,SAE J1850 VPW,115200
2026-10-02T23:25:22.963Z,267633,0x14,"O2 sensor, bank 1 sensor 1",0.12,V,SAE J1850 VPW,115200
2026-10-02T23:25:23.109Z,267779,0x15,"O2 sensor, bank 1 sensor 2",0.10,V,SAE J1850 VPW,115200
2026-10-02T23:25:23.316Z,267986,0x0C,Engine RPM,1560,rpm,SAE J1850 VPW,115200
2026-10-02T23:25:23.459Z,268129,0x0D,Speed,37,mph,SAE J1850 VPW,115200
2026-10-02T23:25:23.620Z,268290,0x11,Throttle,16,%,SAE J1850 VPW,115200
2026-10-02T23:25:23.779Z,268449,0x04,Engine load,8,%,SAE J1850 VPW,115200
2026-10-02T23:25:23.924Z,268594,0x06,Short-term fuel trim,-4.7,%,SAE J1850 VPW,115200
2026-10-02T23:25:24.083Z,268753,0x07,Long-term fuel trim,8.6,%,SAE J1850 VPW,115200
2026-10-02T23:25:24.211Z,268881,0x05,Coolant temp,196,°F,SAE J1850 VPW,115200
2026-10-02T23:25:24.342Z,269012,0x0B,Intake manifold pressure,28,kPa,SAE J1850 VPW,115200
2026-10-02T23:25:24.499Z,269169,0x0E,Timing advance,34.0,°,SAE J1850 VPW,115200
2026-10-02T23:25:24.643Z,269313,0x14,"O2 sensor, bank 1 sensor 1",0.08,V,SAE J1850 VPW,115200
2026-10-02T23:25:24.808Z,269478,0x15,"O2 sensor, bank 1 sensor 2",0.10,V,SAE J1850 VPW,115200
2026-10-02T23:25:24.979Z,269649,0x03,Fuel system,Closed loop,,SAE J1850 VPW,115200
2026-10-02T23:25:24.995Z,269665,ATRV,Battery,13.4,V,SAE J1850 VPW,115200
2026-10-02T23:25:25.192Z,269862,0x0C,Engine RPM,1592,rpm,SAE J1850 VPW,115200
2026-10-02T23:25:25.331Z,270001,0x0D,Speed,37,mph,SAE J1850 VPW,115200
2026-10-02T23:25:25.491Z,270161,0x11,Throttle,20,%,SAE J1850 VPW,115200
2026-10-02T23:25:25.638Z,270308,0x04,Engine load,11,%,SAE J1850 VPW,115200
2026-10-02T23:25:25.795Z,270465,0x06,Short-term fuel trim,3.9,%,SAE J1850 VPW,115200
2026-10-02T23:25:25.944Z,270614,0x0B,Intake manifold pressure,43,kPa,SAE J1850 VPW,115200
2026-10-02T23:25:26.084Z,270754,0x0E,Timing advance,33.5,°,SAE J1850 VPW,115200
2026-10-02T23:25:26.243Z,270913,0x14,"O2 sensor, bank 1 sensor 1",0.77,V,SAE J1850 VPW,115200
2026-10-02T23:25:26.392Z,271062,0x15,"O2 sensor, bank 1 sensor 2",0.82,V,SAE J1850 VPW,115200
2026-10-02T23:25:26.579Z,271249,0x0C,Engine RPM,1649,rpm,SAE J1850 VPW,115200
2026-10-02T23:25:26.740Z,271410,0x0D,Speed,37,mph,SAE J1850 VPW,115200
2026-10-02T23:25:26.931Z,271601,0x11,Throttle,20,%,SAE J1850 VPW,115200
2026-10-02T23:25:27.081Z,271751,0x04,Engine load,13,%,SAE J1850 VPW,115200
2026-10-02T23:25:27.242Z,271912,0x06,Short-term fuel trim,-0.8,%,SAE J1850 VPW,115200
2026-10-02T23:25:27.380Z,272050,0x0B,Intake manifold pressure,47,kPa,SAE J1850 VPW,115200
2026-10-02T23:25:27.542Z,272212,0x0E,Timing advance,32.5,°,SAE J1850 VPW,115200
2026-10-02T23:25:27.683Z,272353,0x14,"O2 sensor, bank 1 sensor 1",0.63,V,SAE J1850 VPW,115200
2026-10-02T23:25:27.843Z,272513,0x15,"O2 sensor, bank 1 sensor 2",0.39,V,SAE J1850 VPW,115200
2026-10-02T23:25:28.054Z,272724,0x0C,Engine RPM,1658,rpm,SAE J1850 VPW,115200
2026-10-02T23:25:28.196Z,272866,0x0D,Speed,37,mph,SAE J1850 VPW,115200
2026-10-02T23:25:28.355Z,273025,0x11,Throttle,20,%,SAE J1850 VPW,115200
2026-10-02T23:25:28.499Z,273169,0x04,Engine load,13,%,SAE J1850 VPW,115200
2026-10-02T23:25:28.644Z,273314,0x06,Short-term fuel trim,-1.6,%,SAE J1850 VPW,115200
2026-10-02T23:25:28.810Z,273480,0x0B,Intake manifold pressure,46,kPa,SAE J1850 VPW,115200
2026-10-02T23:25:28.963Z,273633,0x0E,Timing advance,34.0,°,SAE J1850 VPW,115200
2026-10-02T23:25:29.109Z,273779,0x14,"O2 sensor, bank 1 sensor 1",0.28,V,SAE J1850 VPW,115200
2026-10-02T23:25:29.268Z,273938,0x15,"O2 sensor, bank 1 sensor 2",0.79,V,SAE J1850 VPW,115200
2026-10-02T23:25:29.493Z,274163,0x0C,Engine RPM,1658,rpm,SAE J1850 VPW,115200
2026-10-02T23:25:29.651Z,274321,0x0D,Speed,37,mph,SAE J1850 VPW,115200
2026-10-02T23:25:29.795Z,274465,0x11,Throttle,21,%,SAE J1850 VPW,115200
2026-10-02T23:25:29.958Z,274628,0x04,Engine load,13,%,SAE J1850 VPW,115200
2026-10-02T23:25:30.099Z,274769,0x06,Short-term fuel trim,-3.1,%,SAE J1850 VPW,115200
2026-10-02T23:25:30.243Z,274913,0x0B,Intake manifold pressure,49,kPa,SAE J1850 VPW,115200
2026-10-02T23:25:30.391Z,275061,0x0E,Timing advance,33.0,°,SAE J1850 VPW,115200
2026-10-02T23:25:30.547Z,275217,0x14,"O2 sensor, bank 1 sensor 1",0.72,V,SAE J1850 VPW,115200
2026-10-02T23:25:30.695Z,275365,0x15,"O2 sensor, bank 1 sensor 2",0.70,V,SAE J1850 VPW,115200
2026-10-02T23:25:30.884Z,275554,0x0C,Engine RPM,1728,rpm,SAE J1850 VPW,115200
2026-10-02T23:25:31.027Z,275697,0x0D,Speed,37,mph,SAE J1850 VPW,115200
2026-10-02T23:25:31.171Z,275841,0x11,Throttle,23,%,SAE J1850 VPW,115200
2026-10-02T23:25:31.316Z,275986,0x04,Engine load,18,%,SAE J1850 VPW,115200
2026-10-02T23:25:31.460Z,276130,0x06,Short-term fuel trim,3.1,%,SAE J1850 VPW,115200
2026-10-02T23:25:31.609Z,276279,0x07,Long-term fuel trim,10.2,%,SAE J1850 VPW,115200
2026-10-02T23:25:31.747Z,276417,0x05,Coolant temp,196,°F,SAE J1850 VPW,115200
2026-10-02T23:25:31.907Z,276577,0x0B,Intake manifold pressure,60,kPa,SAE J1850 VPW,115200
2026-10-02T23:25:32.052Z,276722,0x0E,Timing advance,30.0,°,SAE J1850 VPW,115200
2026-10-02T23:25:32.196Z,276866,0x14,"O2 sensor, bank 1 sensor 1",0.74,V,SAE J1850 VPW,115200
2026-10-02T23:25:32.358Z,277028,0x15,"O2 sensor, bank 1 sensor 2",0.57,V,SAE J1850 VPW,115200
2026-10-02T23:25:32.499Z,277169,0x03,Fuel system,Closed loop,,SAE J1850 VPW,115200
2026-10-02T23:25:32.516Z,277186,ATRV,Battery,13.5,V,SAE J1850 VPW,115200
2026-10-02T23:25:32.739Z,277409,0x0C,Engine RPM,1842,rpm,SAE J1850 VPW,115200
2026-10-02T23:25:32.884Z,277554,0x0D,Speed,37,mph,SAE J1850 VPW,115200
2026-10-02T23:25:33.027Z,277697,0x11,Throttle,23,%,SAE J1850 VPW,115200
2026-10-02T23:25:33.174Z,277844,0x04,Engine load,18,%,SAE J1850 VPW,115200
2026-10-02T23:25:33.316Z,277986,0x06,Short-term fuel trim,-3.1,%,SAE J1850 VPW,115200
2026-10-02T23:25:33.493Z,278163,0x0B,Intake manifold pressure,59,kPa,SAE J1850 VPW,115200
2026-10-02T23:25:33.652Z,278322,0x0E,Timing advance,30.0,°,SAE J1850 VPW,115200
2026-10-02T23:25:33.796Z,278466,0x14,"O2 sensor, bank 1 sensor 1",0.67,V,SAE J1850 VPW,115200
2026-10-02T23:25:33.962Z,278632,0x15,"O2 sensor, bank 1 sensor 2",0.17,V,SAE J1850 VPW,115200
2026-10-02T23:25:34.164Z,278834,0x0C,Engine RPM,1847,rpm,SAE J1850 VPW,115200
2026-10-02T23:25:34.307Z,278977,0x0D,Speed,37,mph,SAE J1850 VPW,115200
2026-10-02T23:25:34.468Z,279138,0x11,Throttle,23,%,SAE J1850 VPW,115200
2026-10-02T23:25:34.627Z,279297,0x04,Engine load,18,%,SAE J1850 VPW,115200
2026-10-02T23:25:34.775Z,279445,0x06,Short-term fuel trim,-3.1,%,SAE J1850 VPW,115200
2026-10-02T23:25:34.932Z,279602,0x0B,Intake manifold pressure,60,kPa,SAE J1850 VPW,115200
2026-10-02T23:25:35.076Z,279746,0x0E,Timing advance,30.0,°,SAE J1850 VPW,115200
2026-10-02T23:25:35.229Z,279899,0x14,"O2 sensor, bank 1 sensor 1",0.74,V,SAE J1850 VPW,115200
2026-10-02T23:25:35.379Z,280049,0x15,"O2 sensor, bank 1 sensor 2",0.82,V,SAE J1850 VPW,115200
2026-10-02T23:25:35.592Z,280262,0x0C,Engine RPM,1878,rpm,SAE J1850 VPW,115200
2026-10-02T23:25:35.748Z,280418,0x0D,Speed,37,mph,SAE J1850 VPW,115200
2026-10-02T23:25:35.909Z,280579,0x11,Throttle,24,%,SAE J1850 VPW,115200
2026-10-02T23:25:36.053Z,280723,0x04,Engine load,20,%,SAE J1850 VPW,115200
2026-10-02T23:25:36.196Z,280866,0x06,Short-term fuel trim,1.6,%,SAE J1850 VPW,115200
2026-10-02T23:25:36.343Z,281013,0x0B,Intake manifold pressure,64,kPa,SAE J1850 VPW,115200
2026-10-02T23:25:36.499Z,281169,0x0E,Timing advance,28.5,°,SAE J1850 VPW,115200
2026-10-02T23:25:36.661Z,281331,0x14,"O2 sensor, bank 1 sensor 1",0.45,V,SAE J1850 VPW,115200
2026-10-02T23:25:36.791Z,281461,0x15,"O2 sensor, bank 1 sensor 2",0.82,V,SAE J1850 VPW,115200
2026-10-02T23:25:36.996Z,281666,0x0C,Engine RPM,1930,rpm,SAE J1850 VPW,115200
2026-10-02T23:25:37.143Z,281813,0x0D,Speed,37,mph,SAE J1850 VPW,115200
2026-10-02T23:25:37.284Z,281954,0x11,Throttle,25,%,SAE J1850 VPW,115200
2026-10-02T23:25:37.411Z,282081,0x04,Engine load,21,%,SAE J1850 VPW,115200
2026-10-02T23:25:37.558Z,282228,0x06,Short-term fuel trim,3.1,%,SAE J1850 VPW,115200
2026-10-02T23:25:37.716Z,282386,0x0B,Intake manifold pressure,62,kPa,SAE J1850 VPW,115200
2026-10-02T23:25:37.860Z,282530,0x0E,Timing advance,34.0,°,SAE J1850 VPW,115200
2026-10-02T23:25:38.006Z,282676,0x14,"O2 sensor, bank 1 sensor 1",0.81,V,SAE J1850 VPW,115200
2026-10-02T23:25:38.180Z,282850,0x15,"O2 sensor, bank 1 sensor 2",0.82,V,SAE J1850 VPW,115200
2026-10-02T23:25:38.372Z,283042,0x0C,Engine RPM,1508,rpm,SAE J1850 VPW,115200
2026-10-02T23:25:38.516Z,283186,0x0D,Speed,37,mph,SAE J1850 VPW,115200
2026-10-02T23:25:38.691Z,283361,0x11,Throttle,16,%,SAE J1850 VPW,115200
2026-10-02T23:25:38.836Z,283506,0x04,Engine load,7,%,SAE J1850 VPW,115200
2026-10-02T23:25:38.995Z,283665,0x06,Short-term fuel trim,-3.1,%,SAE J1850 VPW,115200
2026-10-02T23:25:39.144Z,283814,0x07,Long-term fuel trim,8.6,%,SAE J1850 VPW,115200
2026-10-02T23:25:39.284Z,283954,0x05,Coolant temp,194,°F,SAE J1850 VPW,115200
2026-10-02T23:25:39.428Z,284098,0x0B,Intake manifold pressure,34,kPa,SAE J1850 VPW,115200
2026-10-02T23:25:39.591Z,284261,0x0E,Timing advance,32.5,°,SAE J1850 VPW,115200
2026-10-02T23:25:39.748Z,284418,0x14,"O2 sensor, bank 1 sensor 1",0.82,V,SAE J1850 VPW,115200
2026-10-02T23:25:39.893Z,284563,0x15,"O2 sensor, bank 1 sensor 2",0.82,V,SAE J1850 VPW,115200
2026-10-02T23:25:40.046Z,284716,0x03,Fuel system,Closed loop,,SAE J1850 VPW,115200
2026-10-02T23:25:40.052Z,284722,ATRV,Battery,13.4,V,SAE J1850 VPW,115200
2026-10-02T23:25:40.261Z,284931,0x0C,Engine RPM,1581,rpm,SAE J1850 VPW,115200
2026-10-02T23:25:40.408Z,285078,0x0D,Speed,35,mph,SAE J1850 VPW,115200
2026-10-02T23:25:40.568Z,285238,0x11,Throttle,20,%,SAE J1850 VPW,115200
2026-10-02T23:25:40.723Z,285393,0x04,Engine load,13,%,SAE J1850 VPW,115200
2026-10-02T23:25:40.867Z,285537,0x06,Short-term fuel trim,-0.8,%,SAE J1850 VPW,115200
2026-10-02T23:25:41.012Z,285682,0x0B,Intake manifold pressure,48,kPa,SAE J1850 VPW,115200
2026-10-02T23:25:41.177Z,285847,0x0E,Timing advance,29.5,°,SAE J1850 VPW,115200
2026-10-02T23:25:41.316Z,285986,0x14,"O2 sensor, bank 1 sensor 1",0.77,V,SAE J1850 VPW,115200
2026-10-02T23:25:41.477Z,286147,0x15,"O2 sensor, bank 1 sensor 2",0.79,V,SAE J1850 VPW,115200
2026-10-02T23:25:41.684Z,286354,0x0C,Engine RPM,1627,rpm,SAE J1850 VPW,115200
2026-10-02T23:25:41.831Z,286501,0x0D,Speed,35,mph,SAE J1850 VPW,115200
2026-10-02T23:25:42.003Z,286673,0x11,Throttle,21,%,SAE J1850 VPW,115200
2026-10-02T23:25:42.148Z,286818,0x04,Engine load,13,%,SAE J1850 VPW,115200
2026-10-02T23:25:42.307Z,286977,0x06,Short-term fuel trim,-2.3,%,SAE J1850 VPW,115200
2026-10-02T23:25:42.453Z,287123,0x0B,Intake manifold pressure,50,kPa,SAE J1850 VPW,115200
2026-10-02T23:25:42.596Z,287266,0x0E,Timing advance,32.5,°,SAE J1850 VPW,115200
2026-10-02T23:25:42.742Z,287412,0x14,"O2 sensor, bank 1 sensor 1",0.26,V,SAE J1850 VPW,115200
2026-10-02T23:25:42.900Z,287570,0x15,"O2 sensor, bank 1 sensor 2",0.17,V,SAE J1850 VPW,115200
2026-10-02T23:25:43.108Z,287778,0x0C,Engine RPM,1624,rpm,SAE J1850 VPW,115200
2026-10-02T23:25:43.253Z,287923,0x0D,Speed,35,mph,SAE J1850 VPW,115200
2026-10-02T23:25:43.395Z,288065,0x11,Throttle,21,%,SAE J1850 VPW,115200
2026-10-02T23:25:43.557Z,288227,0x04,Engine load,13,%,SAE J1850 VPW,115200
2026-10-02T23:25:43.700Z,288370,0x06,Short-term fuel trim,-3.1,%,SAE J1850 VPW,115200
2026-10-02T23:25:43.862Z,288532,0x0B,Intake manifold pressure,49,kPa,SAE J1850 VPW,115200
2026-10-02T23:25:44.030Z,288700,0x0E,Timing advance,32.5,°,SAE J1850 VPW,115200
2026-10-02T23:25:44.180Z,288850,0x14,"O2 sensor, bank 1 sensor 1",0.77,V,SAE J1850 VPW,115200
2026-10-02T23:25:44.326Z,288996,0x15,"O2 sensor, bank 1 sensor 2",0.81,V,SAE J1850 VPW,115200
2026-10-02T23:25:44.532Z,289202,0x0C,Engine RPM,1635,rpm,SAE J1850 VPW,115200
2026-10-02T23:25:44.660Z,289330,0x0D,Speed,35,mph,SAE J1850 VPW,115200
2026-10-02T23:25:44.810Z,289480,0x11,Throttle,21,%,SAE J1850 VPW,115200
2026-10-02T23:25:44.948Z,289618,0x04,Engine load,14,%,SAE J1850 VPW,115200
2026-10-02T23:25:45.094Z,289764,0x06,Short-term fuel trim,1.6,%,SAE J1850 VPW,115200
2026-10-02T23:25:45.243Z,289913,0x0B,Intake manifold pressure,55,kPa,SAE J1850 VPW,115200
2026-10-02T23:25:45.380Z,290050,0x0E,Timing advance,29.5,°,SAE J1850 VPW,115200
2026-10-02T23:25:45.542Z,290212,0x14,"O2 sensor, bank 1 sensor 1",0.43,V,SAE J1850 VPW,115200
2026-10-02T23:25:45.684Z,290354,0x15,"O2 sensor, bank 1 sensor 2",0.10,V,SAE J1850 VPW,115200
2026-10-02T23:25:45.892Z,290562,0x0C,Engine RPM,1822,rpm,SAE J1850 VPW,115200
2026-10-02T23:25:46.053Z,290723,0x0D,Speed,35,mph,SAE J1850 VPW,115200
2026-10-02T23:25:46.196Z,290866,0x11,Throttle,24,%,SAE J1850 VPW,115200
2026-10-02T23:25:46.358Z,291028,0x04,Engine load,18,%,SAE J1850 VPW,115200
2026-10-02T23:25:46.500Z,291170,0x06,Short-term fuel trim,-2.3,%,SAE J1850 VPW,115200
2026-10-02T23:25:46.644Z,291314,0x07,Long-term fuel trim,10.2,%,SAE J1850 VPW,115200
2026-10-02T23:25:46.809Z,291479,0x05,Coolant temp,192,°F,SAE J1850 VPW,115200
2026-10-02T23:25:46.964Z,291634,0x0B,Intake manifold pressure,61,kPa,SAE J1850 VPW,115200
2026-10-02T23:25:47.109Z,291779,0x0E,Timing advance,29.5,°,SAE J1850 VPW,115200
2026-10-02T23:25:47.254Z,291924,0x14,"O2 sensor, bank 1 sensor 1",0.17,V,SAE J1850 VPW,115200
2026-10-02T23:25:47.396Z,292066,0x15,"O2 sensor, bank 1 sensor 2",0.20,V,SAE J1850 VPW,115200
2026-10-02T23:25:47.559Z,292229,0x03,Fuel system,Closed loop,,SAE J1850 VPW,115200
2026-10-02T23:25:47.576Z,292246,ATRV,Battery,13.6,V,SAE J1850 VPW,115200
2026-10-02T23:25:47.764Z,292434,0x0C,Engine RPM,1837,rpm,SAE J1850 VPW,115200
2026-10-02T23:25:47.924Z,292594,0x0D,Speed,35,mph,SAE J1850 VPW,115200
2026-10-02T23:25:48.068Z,292738,0x11,Throttle,24,%,SAE J1850 VPW,115200
2026-10-02T23:25:48.212Z,292882,0x04,Engine load,18,%,SAE J1850 VPW,115200
2026-10-02T23:25:48.340Z,293010,0x06,Short-term fuel trim,1.6,%,SAE J1850 VPW,115200
2026-10-02T23:25:48.484Z,293154,0x0B,Intake manifold pressure,62,kPa,SAE J1850 VPW,115200
2026-10-02T23:25:48.628Z,293298,0x0E,Timing advance,29.5,°,SAE J1850 VPW,115200
2026-10-02T23:25:48.774Z,293444,0x14,"O2 sensor, bank 1 sensor 1",0.15,V,SAE J1850 VPW,115200
2026-10-02T23:25:48.932Z,293602,0x15,"O2 sensor, bank 1 sensor 2",0.69,V,SAE J1850 VPW,115200
2026-10-02T23:25:49.141Z,293811,0x0C,Engine RPM,1846,rpm,SAE J1850 VPW,115200
2026-10-02T23:25:49.284Z,293954,0x0D,Speed,36,mph,SAE J1850 VPW,115200
2026-10-02T23:25:49.428Z,294098,0x11,Throttle,24,%,SAE J1850 VPW,115200
2026-10-02T23:25:49.608Z,294278,0x04,Engine load,18,%,SAE J1850 VPW,115200
2026-10-02T23:25:49.748Z,294418,0x06,Short-term fuel trim,1.6,%,SAE J1850 VPW,115200
2026-10-02T23:25:49.908Z,294578,0x0B,Intake manifold pressure,60,kPa,SAE J1850 VPW,115200
2026-10-02T23:25:50.068Z,294738,0x0E,Timing advance,29.5,°,SAE J1850 VPW,115200
2026-10-02T23:25:50.212Z,294882,0x14,"O2 sensor, bank 1 sensor 1",0.17,V,SAE J1850 VPW,115200
2026-10-02T23:25:50.356Z,295026,0x15,"O2 sensor, bank 1 sensor 2",0.12,V,SAE J1850 VPW,115200
2026-10-02T23:25:50.580Z,295250,0x0C,Engine RPM,1860,rpm,SAE J1850 VPW,115200
2026-10-02T23:25:50.725Z,295395,0x0D,Speed,37,mph,SAE J1850 VPW,115200
2026-10-02T23:25:50.868Z,295538,0x11,Throttle,24,%,SAE J1850 VPW,115200
2026-10-02T23:25:51.012Z,295682,0x04,Engine load,19,%,SAE J1850 VPW,115200
2026-10-02T23:25:51.179Z,295849,0x06,Short-term fuel trim,-3.1,%,SAE J1850 VPW,115200
2026-10-02T23:25:51.316Z,295986,0x0B,Intake manifold pressure,61,kPa,SAE J1850 VPW,115200
2026-10-02T23:25:51.476Z,296146,0x0E,Timing advance,30.5,°,SAE J1850 VPW,115200
2026-10-02T23:25:51.627Z,296297,0x14,"O2 sensor, bank 1 sensor 1",0.79,V,SAE J1850 VPW,115200
2026-10-02T23:25:51.764Z,296434,0x15,"O2 sensor, bank 1 sensor 2",0.77,V,SAE J1850 VPW,115200
2026-10-02T23:25:51.959Z,296629,0x0C,Engine RPM,1771,rpm,SAE J1850 VPW,115200
2026-10-02T23:25:52.116Z,296786,0x0D,Speed,37,mph,SAE J1850 VPW,115200
2026-10-02T23:25:52.259Z,296929,0x11,Throttle,22,%,SAE J1850 VPW,115200
2026-10-02T23:25:52.426Z,297096,0x04,Engine load,16,%,SAE J1850 VPW,115200
2026-10-02T23:25:52.564Z,297234,0x06,Short-term fuel trim,0.8,%,SAE J1850 VPW,115200
2026-10-02T23:25:52.743Z,297413,0x0B,Intake manifold pressure,50,kPa,SAE J1850 VPW,115200
2026-10-02T23:25:52.884Z,297554,0x0E,Timing advance,43.0,°,SAE J1850 VPW,115200
2026-10-02T23:25:53.028Z,297698,0x14,"O2 sensor, bank 1 sensor 1",0.65,V,SAE J1850 VPW,115200
2026-10-02T23:25:53.191Z,297861,0x15,"O2 sensor, bank 1 sensor 2",0.26,V,SAE J1850 VPW,115200
2026-10-02T23:25:53.380Z,298050,0x0C,Engine RPM,1504,rpm,SAE J1850 VPW,115200
2026-10-02T23:25:53.524Z,298194,0x0D,Speed,37,mph,SAE J1850 VPW,115200
2026-10-02T23:25:53.668Z,298338,0x11,Throttle,16,%,SAE J1850 VPW,115200
2026-10-02T23:25:53.828Z,298498,0x04,Engine load,7,%,SAE J1850 VPW,115200
2026-10-02T23:25:53.975Z,298645,0x06,Short-term fuel trim,-2.3,%,SAE J1850 VPW,115200
2026-10-02T23:25:54.116Z,298786,0x07,Long-term fuel trim,8.6,%,SAE J1850 VPW,115200
2026-10-02T23:25:54.263Z,298933,0x05,Coolant temp,192,°F,SAE J1850 VPW,115200
2026-10-02T23:25:54.424Z,299094,0x0B,Intake manifold pressure,29,kPa,SAE J1850 VPW,115200
2026-10-02T23:25:54.581Z,299251,0x0E,Timing advance,32.0,°,SAE J1850 VPW,115200
2026-10-02T23:25:54.725Z,299395,0x14,"O2 sensor, bank 1 sensor 1",0.10,V,SAE J1850 VPW,115200
2026-10-02T23:25:54.868Z,299538,0x15,"O2 sensor, bank 1 sensor 2",0.08,V,SAE J1850 VPW,115200
2026-10-02T23:25:55.027Z,299697,0x03,Fuel system,Closed loop,,SAE J1850 VPW,115200
2026-10-02T23:25:55.047Z,299717,ATRV,Battery,13.3,V,SAE J1850 VPW,115200
2026-10-02T23:25:55.253Z,299923,0x0C,Engine RPM,1440,rpm,SAE J1850 VPW,115200
2026-10-02T23:25:55.412Z,300082,0x0D,Speed,36,mph,SAE J1850 VPW,115200
2026-10-02T23:25:55.560Z,300230,0x11,Throttle,20,%,SAE J1850 VPW,115200
2026-10-02T23:25:55.700Z,300370,0x04,Engine load,11,%,SAE J1850 VPW,115200
2026-10-02T23:25:55.844Z,300514,0x06,Short-term fuel trim,4.7,%,SAE J1850 VPW,115200
2026-10-02T23:25:55.996Z,300666,0x0B,Intake manifold pressure,43,kPa,SAE J1850 VPW,115200
2026-10-02T23:25:56.132Z,300802,0x0E,Timing advance,32.5,°,SAE J1850 VPW,115200
2026-10-02T23:25:56.293Z,300963,0x14,"O2 sensor, bank 1 sensor 1",0.72,V,SAE J1850 VPW,115200
2026-10-02T23:25:56.437Z,301107,0x15,"O2 sensor, bank 1 sensor 2",0.84,V,SAE J1850 VPW,115200
2026-10-02T23:25:56.629Z,301299,0x0C,Engine RPM,1598,rpm,SAE J1850 VPW,115200
2026-10-02T23:25:56.807Z,301477,0x0D,Speed,35,mph,SAE J1850 VPW,115200
2026-10-02T23:25:56.948Z,301618,0x11,Throttle,20,%,SAE J1850 VPW,115200
2026-10-02T23:25:57.108Z,301778,0x04,Engine load,12,%,SAE J1850 VPW,115200
2026-10-02T23:25:57.254Z,301924,0x06,Short-term fuel trim,0.0,%,SAE J1850 VPW,115200
2026-10-02T23:25:57.396Z,302066,0x0B,Intake manifold pressure,47,kPa,SAE J1850 VPW,115200
2026-10-02T23:25:57.565Z,302235,0x0E,Timing advance,31.5,°,SAE J1850 VPW,115200
2026-10-02T23:25:57.700Z,302370,0x14,"O2 sensor, bank 1 sensor 1",0.77,V,SAE J1850 VPW,115200
2026-10-02T23:25:57.844Z,302514,0x15,"O2 sensor, bank 1 sensor 2",0.74,V,SAE J1850 VPW,115200
2026-10-02T23:25:58.054Z,302724,0x0C,Engine RPM,1602,rpm,SAE J1850 VPW,115200
2026-10-02T23:25:58.196Z,302866,0x0D,Speed,35,mph,SAE J1850 VPW,115200
2026-10-02T23:25:58.339Z,303009,0x11,Throttle,20,%,SAE J1850 VPW,115200
2026-10-02T23:25:58.467Z,303137,0x04,Engine load,13,%,SAE J1850 VPW,115200
2026-10-02T23:25:58.612Z,303282,0x06,Short-term fuel trim,3.1,%,SAE J1850 VPW,115200
2026-10-02T23:25:58.776Z,303446,0x0B,Intake manifold pressure,46,kPa,SAE J1850 VPW,115200
2026-10-02T23:25:58.932Z,303602,0x0E,Timing advance,33.5,°,SAE J1850 VPW,115200
2026-10-02T23:25:59.093Z,303763,0x14,"O2 sensor, bank 1 sensor 1",0.69,V,SAE J1850 VPW,115200
2026-10-02T23:25:59.241Z,303911,0x15,"O2 sensor, bank 1 sensor 2",0.35,V,SAE J1850 VPW,115200
2026-10-02T23:25:59.446Z,304116,0x0C,Engine RPM,1626,rpm,SAE J1850 VPW,115200
2026-10-02T23:25:59.621Z,304291,0x0D,Speed,35,mph,SAE J1850 VPW,115200
2026-10-02T23:25:59.764Z,304434,0x11,Throttle,22,%,SAE J1850 VPW,115200
2026-10-02T23:25:59.910Z,304580,0x04,Engine load,16,%,SAE J1850 VPW,115200
2026-10-02T23:26:00.068Z,304738,0x06,Short-term fuel trim,-1.6,%,SAE J1850 VPW,115200
2026-10-02T23:26:00.212Z,304882,0x0B,Intake manifold pressure,61,kPa,SAE J1850 VPW,115200
2026-10-02T23:26:00.375Z,305045,0x0E,Timing advance,29.5,°,SAE J1850 VPW,115200
2026-10-02T23:26:00.517Z,305187,0x14,"O2 sensor, bank 1 sensor 1",0.10,V,SAE J1850 VPW,115200
2026-10-02T23:26:00.661Z,305331,0x15,"O2 sensor, bank 1 sensor 2",0.15,V,SAE J1850 VPW,115200
2026-10-02T23:26:00.868Z,305538,0x0C,Engine RPM,1812,rpm,SAE J1850 VPW,115200
2026-10-02T23:26:01.060Z,305730,0x0D,Speed,35,mph,SAE J1850 VPW,115200
2026-10-02T23:26:01.209Z,305879,0x11,Throttle,23,%,SAE J1850 VPW,115200
2026-10-02T23:26:01.348Z,306018,0x04,Engine load,18,%,SAE J1850 VPW,115200
2026-10-02T23:26:01.495Z,306165,0x06,Short-term fuel trim,-1.6,%,SAE J1850 VPW,115200
2026-10-02T23:26:01.637Z,306307,0x07,Long-term fuel trim,10.2,%,SAE J1850 VPW,115200
2026-10-02T23:26:01.799Z,306469,0x05,Coolant temp,192,°F,SAE J1850 VPW,115200
2026-10-02T23:26:01.942Z,306612,0x0B,Intake manifold pressure,59,kPa,SAE J1850 VPW,115200
2026-10-02T23:26:02.085Z,306755,0x0E,Timing advance,30.0,°,SAE J1850 VPW,115200
2026-10-02T23:26:02.244Z,306914,0x14,"O2 sensor, bank 1 sensor 1",0.32,V,SAE J1850 VPW,115200
2026-10-02T23:26:02.393Z,307063,0x15,"O2 sensor, bank 1 sensor 2",0.15,V,SAE J1850 VPW,115200
2026-10-02T23:26:02.532Z,307202,0x03,Fuel system,Closed loop,,SAE J1850 VPW,115200
2026-10-02T23:26:02.549Z,307219,ATRV,Battery,13.5,V,SAE J1850 VPW,115200
2026-10-02T23:26:02.758Z,307428,0x0C,Engine RPM,1759,rpm,SAE J1850 VPW,115200
2026-10-02T23:26:02.916Z,307586,0x0D,Speed,35,mph,SAE J1850 VPW,115200
2026-10-02T23:26:03.075Z,307745,0x11,Throttle,16,%,SAE J1850 VPW,115200
2026-10-02T23:26:03.225Z,307895,0x04,Engine load,8,%,SAE J1850 VPW,115200
2026-10-02T23:26:03.380Z,308050,0x06,Short-term fuel trim,4.7,%,SAE J1850 VPW,115200
2026-10-02T23:26:03.542Z,308212,0x0B,Intake manifold pressure,34,kPa,SAE J1850 VPW,115200
2026-10-02T23:26:03.684Z,308354,0x0E,Timing advance,32.5,°,SAE J1850 VPW,115200
2026-10-02T23:26:03.828Z,308498,0x14,"O2 sensor, bank 1 sensor 1",0.84,V,SAE J1850 VPW,115200
2026-10-02T23:26:03.975Z,308645,0x15,"O2 sensor, bank 1 sensor 2",0.88,V,SAE J1850 VPW,115200
2026-10-02T23:26:04.180Z,308850,0x0C,Engine RPM,1524,rpm,SAE J1850 VPW,115200
2026-10-02T23:26:04.328Z,308998,0x0D,Speed,35,mph,SAE J1850 VPW,115200
2026-10-02T23:26:04.516Z,309186,0x11,Throttle,21,%,SAE J1850 VPW,115200
2026-10-02T23:26:04.662Z,309332,0x04,Engine load,14,%,SAE J1850 VPW,115200
2026-10-02T23:26:04.824Z,309494,0x06,Short-term fuel trim,-1.6,%,SAE J1850 VPW,115200
2026-10-02T23:26:04.964Z,309634,0x0B,Intake manifold pressure,58,kPa,SAE J1850 VPW,115200
2026-10-02T23:26:05.127Z,309797,0x0E,Timing advance,25.5,°,SAE J1850 VPW,115200
2026-10-02T23:26:05.268Z,309938,0x14,"O2 sensor, bank 1 sensor 1",0.63,V,SAE J1850 VPW,115200
2026-10-02T23:26:05.412Z,310082,0x15,"O2 sensor, bank 1 sensor 2",0.17,V,SAE J1850 VPW,115200
2026-10-02T23:26:05.620Z,310290,0x0C,Engine RPM,1804,rpm,SAE J1850 VPW,115200
2026-10-02T23:26:05.764Z,310434,0x0D,Speed,35,mph,SAE J1850 VPW,115200
2026-10-02T23:26:05.924Z,310594,0x11,Throttle,23,%,SAE J1850 VPW,115200
2026-10-02T23:26:06.100Z,310770,0x04,Engine load,18,%,SAE J1850 VPW,115200
2026-10-02T23:26:06.228Z,310898,0x06,Short-term fuel trim,-1.6,%,SAE J1850 VPW,115200
2026-10-02T23:26:06.396Z,311066,0x0B,Intake manifold pressure,60,kPa,SAE J1850 VPW,115200
2026-10-02T23:26:06.532Z,311202,0x0E,Timing advance,29.0,°,SAE J1850 VPW,115200
2026-10-02T23:26:06.676Z,311346,0x14,"O2 sensor, bank 1 sensor 1",0.77,V,SAE J1850 VPW,115200
2026-10-02T23:26:06.821Z,311491,0x15,"O2 sensor, bank 1 sensor 2",0.77,V,SAE J1850 VPW,115200
2026-10-02T23:26:07.013Z,311683,0x0C,Engine RPM,1855,rpm,SAE J1850 VPW,115200
2026-10-02T23:26:07.160Z,311830,0x0D,Speed,35,mph,SAE J1850 VPW,115200
2026-10-02T23:26:07.300Z,311970,0x11,Throttle,24,%,SAE J1850 VPW,115200
2026-10-02T23:26:07.444Z,312114,0x04,Engine load,19,%,SAE J1850 VPW,115200
2026-10-02T23:26:07.592Z,312262,0x06,Short-term fuel trim,-2.3,%,SAE J1850 VPW,115200
2026-10-02T23:26:07.748Z,312418,0x0B,Intake manifold pressure,62,kPa,SAE J1850 VPW,115200
2026-10-02T23:26:07.894Z,312564,0x0E,Timing advance,29.0,°,SAE J1850 VPW,115200
2026-10-02T23:26:08.038Z,312708,0x14,"O2 sensor, bank 1 sensor 1",0.51,V,SAE J1850 VPW,115200
2026-10-02T23:26:08.196Z,312866,0x15,"O2 sensor, bank 1 sensor 2",0.82,V,SAE J1850 VPW,115200
2026-10-02T23:26:08.407Z,313077,0x0C,Engine RPM,1876,rpm,SAE J1850 VPW,115200
2026-10-02T23:26:08.549Z,313219,0x0D,Speed,37,mph,SAE J1850 VPW,115200
2026-10-02T23:26:08.692Z,313362,0x11,Throttle,24,%,SAE J1850 VPW,115200
2026-10-02T23:26:08.852Z,313522,0x04,Engine load,19,%,SAE J1850 VPW,115200
2026-10-02T23:26:08.996Z,313666,0x06,Short-term fuel trim,1.6,%,SAE J1850 VPW,115200
2026-10-02T23:26:09.146Z,313816,0x07,Long-term fuel trim,10.9,%,SAE J1850 VPW,115200
2026-10-02T23:26:09.316Z,313986,0x05,Coolant temp,192,°F,SAE J1850 VPW,115200
2026-10-02T23:26:09.477Z,314147,0x0B,Intake manifold pressure,63,kPa,SAE J1850 VPW,115200
2026-10-02T23:26:09.622Z,314292,0x0E,Timing advance,29.0,°,SAE J1850 VPW,115200
2026-10-02T23:26:09.764Z,314434,0x14,"O2 sensor, bank 1 sensor 1",0.79,V,SAE J1850 VPW,115200
2026-10-02T23:26:09.928Z,314598,0x15,"O2 sensor, bank 1 sensor 2",0.77,V,SAE J1850 VPW,115200
2026-10-02T23:26:10.084Z,314754,0x03,Fuel system,Closed loop,,SAE J1850 VPW,115200
2026-10-02T23:26:10.100Z,314770,ATRV,Battery,13.5,V,SAE J1850 VPW,115200
2026-10-02T23:26:10.292Z,314962,0x0C,Engine RPM,1899,rpm,SAE J1850 VPW,115200
2026-10-02T23:26:10.452Z,315122,0x0D,Speed,37,mph,SAE J1850 VPW,115200
2026-10-02T23:26:10.596Z,315266,0x11,Throttle,24,%,SAE J1850 VPW,115200
2026-10-02T23:26:10.740Z,315410,0x04,Engine load,19,%,SAE J1850 VPW,115200
2026-10-02T23:26:10.885Z,315555,0x06,Short-term fuel trim,-4.7,%,SAE J1850 VPW,115200
2026-10-02T23:26:11.044Z,315714,0x0B,Intake manifold pressure,59,kPa,SAE J1850 VPW,115200
2026-10-02T23:26:11.195Z,315865,0x0E,Timing advance,30.0,°,SAE J1850 VPW,115200
2026-10-02T23:26:11.348Z,316018,0x14,"O2 sensor, bank 1 sensor 1",0.67,V,SAE J1850 VPW,115200
2026-10-02T23:26:11.494Z,316164,0x15,"O2 sensor, bank 1 sensor 2",0.81,V,SAE J1850 VPW,115200
2026-10-02T23:26:11.685Z,316355,0x0C,Engine RPM,1782,rpm,SAE J1850 VPW,115200
2026-10-02T23:26:11.829Z,316499,0x0D,Speed,39,mph,SAE J1850 VPW,115200
2026-10-02T23:26:11.989Z,316659,0x11,Throttle,18,%,SAE J1850 VPW,115200
2026-10-02T23:26:12.132Z,316802,0x04,Engine load,11,%,SAE J1850 VPW,115200
2026-10-02T23:26:12.276Z,316946,0x06,Short-term fuel trim,-3.9,%,SAE J1850 VPW,115200
2026-10-02T23:26:12.408Z,317078,0x0B,Intake manifold pressure,41,kPa,SAE J1850 VPW,115200
2026-10-02T23:26:12.564Z,317234,0x0E,Timing advance,42.0,°,SAE J1850 VPW,115200
2026-10-02T23:26:12.712Z,317382,0x14,"O2 sensor, bank 1 sensor 1",0.59,V,SAE J1850 VPW,115200
2026-10-02T23:26:12.852Z,317522,0x15,"O2 sensor, bank 1 sensor 2",0.34,V,SAE J1850 VPW,115200
2026-10-02T23:26:13.062Z,317732,0x0C,Engine RPM,1633,rpm,SAE J1850 VPW,115200
2026-10-02T23:26:13.206Z,317876,0x0D,Speed,39,mph,SAE J1850 VPW,115200
2026-10-02T23:26:13.364Z,318034,0x11,Throttle,19,%,SAE J1850 VPW,115200
2026-10-02T23:26:13.512Z,318182,0x04,Engine load,11,%,SAE J1850 VPW,115200
2026-10-02T23:26:13.652Z,318322,0x06,Short-term fuel trim,0.8,%,SAE J1850 VPW,115200
2026-10-02T23:26:13.813Z,318483,0x0B,Intake manifold pressure,39,kPa,SAE J1850 VPW,115200
2026-10-02T23:26:13.978Z,318648,0x0E,Timing advance,42.5,°,SAE J1850 VPW,115200
2026-10-02T23:26:14.132Z,318802,0x14,"O2 sensor, bank 1 sensor 1",0.14,V,SAE J1850 VPW,115200
2026-10-02T23:26:14.294Z,318964,0x15,"O2 sensor, bank 1 sensor 2",0.12,V,SAE J1850 VPW,115200
2026-10-02T23:26:14.500Z,319170,0x0C,Engine RPM,1639,rpm,SAE J1850 VPW,115200
2026-10-02T23:26:14.644Z,319314,0x0D,Speed,39,mph,SAE J1850 VPW,115200
2026-10-02T23:26:14.808Z,319478,0x11,Throttle,19,%,SAE J1850 VPW,115200
2026-10-02T23:26:14.964Z,319634,0x04,Engine load,11,%,SAE J1850 VPW,115200
2026-10-02T23:26:15.110Z,319780,0x06,Short-term fuel trim,1.6,%,SAE J1850 VPW,115200
2026-10-02T23:26:15.252Z,319922,0x0B,Intake manifold pressure,45,kPa,SAE J1850 VPW,115200
2026-10-02T23:26:15.398Z,320068,0x0E,Timing advance,34.5,°,SAE J1850 VPW,115200
2026-10-02T23:26:15.561Z,320231,0x14,"O2 sensor, bank 1 sensor 1",0.59,V,SAE J1850 VPW,115200
2026-10-02T23:26:15.700Z,320370,0x15,"O2 sensor, bank 1 sensor 2",0.82,V,SAE J1850 VPW,115200
2026-10-02T23:26:15.912Z,320582,0x0C,Engine RPM,1760,rpm,SAE J1850 VPW,115200
2026-10-02T23:26:16.069Z,320739,0x0D,Speed,39,mph,SAE J1850 VPW,115200
2026-10-02T23:26:16.212Z,320882,0x11,Throttle,23,%,SAE J1850 VPW,115200
2026-10-02T23:26:16.375Z,321045,0x04,Engine load,18,%,SAE J1850 VPW,115200
2026-10-02T23:26:16.516Z,321186,0x06,Short-term fuel trim,-2.3,%,SAE J1850 VPW,115200
2026-10-02T23:26:16.680Z,321350,0x07,Long-term fuel trim,10.2,%,SAE J1850 VPW,115200
2026-10-02T23:26:16.822Z,321492,0x05,Coolant temp,190,°F,SAE J1850 VPW,115200
2026-10-02T23:26:16.981Z,321651,0x0B,Intake manifold pressure,59,kPa,SAE J1850 VPW,115200
2026-10-02T23:26:17.143Z,321813,0x0E,Timing advance,30.5,°,SAE J1850 VPW,115200
2026-10-02T23:26:17.301Z,321971,0x14,"O2 sensor, bank 1 sensor 1",0.65,V,SAE J1850 VPW,115200
2026-10-02T23:26:17.444Z,322114,0x15,"O2 sensor, bank 1 sensor 2",0.82,V,SAE J1850 VPW,115200
2026-10-02T23:26:17.593Z,322263,0x03,Fuel system,Closed loop,,SAE J1850 VPW,115200
2026-10-02T23:26:17.608Z,322278,ATRV,Battery,13.4,V,SAE J1850 VPW,115200
2026-10-02T23:26:17.829Z,322499,0x0C,Engine RPM,1858,rpm,SAE J1850 VPW,115200
2026-10-02T23:26:17.975Z,322645,0x0D,Speed,39,mph,SAE J1850 VPW,115200
2026-10-02T23:26:18.132Z,322802,0x11,Throttle,23,%,SAE J1850 VPW,115200
2026-10-02T23:26:18.276Z,322946,0x04,Engine load,18,%,SAE J1850 VPW,115200
2026-10-02T23:26:18.436Z,323106,0x06,Short-term fuel trim,-1.6,%,SAE J1850 VPW,115200
2026-10-02T23:26:18.585Z,323255,0x0B,Intake manifold pressure,58,kPa,SAE J1850 VPW,115200
2026-10-02T23:26:18.728Z,323398,0x0E,Timing advance,30.5,°,SAE J1850 VPW,115200
2026-10-02T23:26:18.885Z,323555,0x14,"O2 sensor, bank 1 sensor 1",0.51,V,SAE J1850 VPW,115200
2026-10-02T23:26:19.029Z,323699,0x15,"O2 sensor, bank 1 sensor 2",0.81,V,SAE J1850 VPW,115200
2026-10-02T23:26:19.237Z,323907,0x0C,Engine RPM,1864,rpm,SAE J1850 VPW,115200
2026-10-02T23:26:19.380Z,324050,0x0D,Speed,40,mph,SAE J1850 VPW,115200
2026-10-02T23:26:19.524Z,324194,0x11,Throttle,16,%,SAE J1850 VPW,115200
2026-10-02T23:26:19.684Z,324354,0x04,Engine load,9,%,SAE J1850 VPW,115200
2026-10-02T23:26:19.860Z,324530,0x06,Short-term fuel trim,0.8,%,SAE J1850 VPW,115200
2026-10-02T23:26:20.011Z,324681,0x0B,Intake manifold pressure,32,kPa,SAE J1850 VPW,115200
2026-10-02T23:26:20.148Z,324818,0x0E,Timing advance,38.5,°,SAE J1850 VPW,115200
2026-10-02T23:26:20.310Z,324980,0x14,"O2 sensor, bank 1 sensor 1",0.82,V,SAE J1850 VPW,115200
2026-10-02T23:26:20.469Z,325139,0x15,"O2 sensor, bank 1 sensor 2",0.88,V,SAE J1850 VPW,115200
2026-10-02T23:26:20.677Z,325347,0x0C,Engine RPM,1551,rpm,SAE J1850 VPW,115200
2026-10-02T23:26:20.820Z,325490,0x0D,Speed,40,mph,SAE J1850 VPW,115200
2026-10-02T23:26:20.980Z,325650,0x11,Throttle,20,%,SAE J1850 VPW,115200
2026-10-02T23:26:21.143Z,325813,0x04,Engine load,11,%,SAE J1850 VPW,115200
2026-10-02T23:26:21.285Z,325955,0x06,Short-term fuel trim,-3.9,%,SAE J1850 VPW,115200
2026-10-02T23:26:21.430Z,326100,0x0B,Intake manifold pressure,47,kPa,SAE J1850 VPW,115200
2026-10-02T23:26:21.594Z,326264,0x0E,Timing advance,27.5,°,SAE J1850 VPW,115200
2026-10-02T23:26:21.749Z,326419,0x14,"O2 sensor, bank 1 sensor 1",0.77,V,SAE J1850 VPW,115200
2026-10-02T23:26:21.893Z,326563,0x15,"O2 sensor, bank 1 sensor 2",0.45,V,SAE J1850 VPW,115200
2026-10-02T23:26:22.085Z,326755,0x0C,Engine RPM,1745,rpm,SAE J1850 VPW,115200
2026-10-02T23:26:22.245Z,326915,0x0D,Speed,39,mph,SAE J1850 VPW,115200
2026-10-02T23:26:22.408Z,327078,0x11,Throttle,22,%,SAE J1850 VPW,115200
2026-10-02T23:26:22.564Z,327234,0x04,Engine load,15,%,SAE J1850 VPW,115200
2026-10-02T23:26:22.714Z,327384,0x06,Short-term fuel trim,2.3,%,SAE J1850 VPW,115200
2026-10-02T23:26:22.852Z,327522,0x0B,Intake manifold pressure,53,kPa,SAE J1850 VPW,115200
2026-10-02T23:26:22.996Z,327666,0x0E,Timing advance,29.0,°,SAE J1850 VPW,115200
2026-10-02T23:26:23.160Z,327830,0x14,"O2 sensor, bank 1 sensor 1",0.70,V,SAE J1850 VPW,115200
2026-10-02T23:26:23.317Z,327987,0x15,"O2 sensor, bank 1 sensor 2",0.23,V,SAE J1850 VPW,115200
2026-10-02T23:26:23.510Z,328180,0x0C,Engine RPM,1809,rpm,SAE J1850 VPW,115200
2026-10-02T23:26:23.653Z,328323,0x0D,Speed,40,mph,SAE J1850 VPW,115200
2026-10-02T23:26:23.812Z,328482,0x11,Throttle,23,%,SAE J1850 VPW,115200
2026-10-02T23:26:23.994Z,328664,0x04,Engine load,17,%,SAE J1850 VPW,115200
2026-10-02T23:26:24.132Z,328802,0x06,Short-term fuel trim,-2.3,%,SAE J1850 VPW,115200
2026-10-02T23:26:24.280Z,328950,0x07,Long-term fuel trim,10.2,%,SAE J1850 VPW,115200
2026-10-02T23:26:24.439Z,329109,0x05,Coolant temp,190,°F,SAE J1850 VPW,115200
2026-10-02T23:26:24.580Z,329250,0x0B,Intake manifold pressure,58,kPa,SAE J1850 VPW,115200
2026-10-02T23:26:24.746Z,329416,0x0E,Timing advance,30.5,°,SAE J1850 VPW,115200
2026-10-02T23:26:24.885Z,329555,0x14,"O2 sensor, bank 1 sensor 1",0.32,V,SAE J1850 VPW,115200
2026-10-02T23:26:25.045Z,329715,0x15,"O2 sensor, bank 1 sensor 2",0.14,V,SAE J1850 VPW,115200
2026-10-02T23:26:25.205Z,329875,0x03,Fuel system,Closed loop,,SAE J1850 VPW,115200
2026-10-02T23:26:25.222Z,329892,ATRV,Battery,13.5,V,SAE J1850 VPW,115200
2026-10-02T23:26:25.433Z,330103,0x0C,Engine RPM,1859,rpm,SAE J1850 VPW,115200
2026-10-02T23:26:25.590Z,330260,0x0D,Speed,40,mph,SAE J1850 VPW,115200
2026-10-02T23:26:25.748Z,330418,0x11,Throttle,23,%,SAE J1850 VPW,115200
2026-10-02T23:26:25.892Z,330562,0x04,Engine load,18,%,SAE J1850 VPW,115200
2026-10-02T23:26:26.037Z,330707,0x06,Short-term fuel trim,-1.6,%,SAE J1850 VPW,115200
2026-10-02T23:26:26.196Z,330866,0x0B,Intake manifold pressure,58,kPa,SAE J1850 VPW,115200
2026-10-02T23:26:26.342Z,331012,0x0E,Timing advance,30.5,°,SAE J1850 VPW,115200
2026-10-02T23:26:26.500Z,331170,0x14,"O2 sensor, bank 1 sensor 1",0.53,V,SAE J1850 VPW,115200
2026-10-02T23:26:26.645Z,331315,0x15,"O2 sensor, bank 1 sensor 2",0.82,V,SAE J1850 VPW,115200
2026-10-02T23:26:26.837Z,331507,0x0C,Engine RPM,1876,rpm,SAE J1850 VPW,115200
2026-10-02T23:26:26.996Z,331666,0x0D,Speed,40,mph,SAE J1850 VPW,115200
2026-10-02T23:26:27.160Z,331830,0x11,Throttle,20,%,SAE J1850 VPW,115200
2026-10-02T23:26:27.300Z,331970,0x04,Engine load,12,%,SAE J1850 VPW,115200
2026-10-02T23:26:27.448Z,332118,0x06,Short-term fuel trim,-5.5,%,SAE J1850 VPW,115200
2026-10-02T23:26:27.591Z,332261,0x0B,Intake manifold pressure,32,kPa,SAE J1850 VPW,115200
2026-10-02T23:26:27.733Z,332403,0x0E,Timing advance,40.0,°,SAE J1850 VPW,115200
2026-10-02T23:26:27.880Z,332550,0x14,"O2 sensor, bank 1 sensor 1",0.10,V,SAE J1850 VPW,115200
2026-10-02T23:26:28.023Z,332693,0x15,"O2 sensor, bank 1 sensor 2",0.20,V,SAE J1850 VPW,115200
2026-10-02T23:26:28.213Z,332883,0x0C,Engine RPM,1621,rpm,SAE J1850 VPW,115200
2026-10-02T23:26:28.392Z,333062,0x0D,Speed,40,mph,SAE J1850 VPW,115200
2026-10-02T23:26:28.532Z,333202,0x11,Throttle,18,%,SAE J1850 VPW,115200
2026-10-02T23:26:28.662Z,333332,0x04,Engine load,10,%,SAE J1850 VPW,115200
2026-10-02T23:26:28.791Z,333461,0x06,Short-term fuel trim,0.8,%,SAE J1850 VPW,115200
2026-10-02T23:26:28.917Z,333587,0x0B,Intake manifold pressure,37,kPa,SAE J1850 VPW,115200
2026-10-02T23:26:29.044Z,333714,0x0E,Timing advance,38.0,°,SAE J1850 VPW,115200
2026-10-02T23:26:29.189Z,333859,0x14,"O2 sensor, bank 1 sensor 1",0.43,V,SAE J1850 VPW,115200
2026-10-02T23:26:29.349Z,334019,0x15,"O2 sensor, bank 1 sensor 2",0.70,V,SAE J1850 VPW,115200
2026-10-02T23:26:29.543Z,334213,0x0C,Engine RPM,1671,rpm,SAE J1850 VPW,115200
2026-10-02T23:26:29.700Z,334370,0x0D,Speed,40,mph,SAE J1850 VPW,115200
2026-10-02T23:26:29.844Z,334514,0x11,Throttle,20,%,SAE J1850 VPW,115200
2026-10-02T23:26:29.974Z,334644,0x04,Engine load,12,%,SAE J1850 VPW,115200
2026-10-02T23:26:30.100Z,334770,0x06,Short-term fuel trim,-0.8,%,SAE J1850 VPW,115200
2026-10-02T23:26:30.244Z,334914,0x0B,Intake manifold pressure,43,kPa,SAE J1850 VPW,115200
2026-10-02T23:26:30.391Z,335061,0x0E,Timing advance,36.0,°,SAE J1850 VPW,115200
2026-10-02T23:26:30.549Z,335219,0x14,"O2 sensor, bank 1 sensor 1",0.28,V,SAE J1850 VPW,115200
2026-10-02T23:26:30.699Z,335369,0x15,"O2 sensor, bank 1 sensor 2",0.65,V,SAE J1850 VPW,115200
2026-10-02T23:26:30.885Z,335555,0x0C,Engine RPM,1725,rpm,SAE J1850 VPW,115200
2026-10-02T23:26:31.029Z,335699,0x0D,Speed,40,mph,SAE J1850 VPW,115200
2026-10-02T23:26:31.204Z,335874,0x11,Throttle,20,%,SAE J1850 VPW,115200
2026-10-02T23:26:31.349Z,336019,0x04,Engine load,13,%,SAE J1850 VPW,115200
2026-10-02T23:26:31.515Z,336185,0x06,Short-term fuel trim,-3.1,%,SAE J1850 VPW,115200
2026-10-02T23:26:31.653Z,336323,0x07,Long-term fuel trim,15.6,%,SAE J1850 VPW,115200
2026-10-02T23:26:31.814Z,336484,0x05,Coolant temp,190,°F,SAE J1850 VPW,115200
2026-10-02T23:26:31.981Z,336651,0x0B,Intake manifold pressure,46,kPa,SAE J1850 VPW,115200
2026-10-02T23:26:32.117Z,336787,0x0E,Timing advance,37.5,°,SAE J1850 VPW,115200
2026-10-02T23:26:32.263Z,336933,0x14,"O2 sensor, bank 1 sensor 1",0.57,V,SAE J1850 VPW,115200
2026-10-02T23:26:32.405Z,337075,0x15,"O2 sensor, bank 1 sensor 2",0.29,V,SAE J1850 VPW,115200
2026-10-02T23:26:32.535Z,337205,0x03,Fuel system,Closed loop,,SAE J1850 VPW,115200
2026-10-02T23:26:32.549Z,337219,ATRV,Battery,13.1,V,SAE J1850 VPW,115200
2026-10-02T23:26:32.745Z,337415,0x0C,Engine RPM,1716,rpm,SAE J1850 VPW,115200
2026-10-02T23:26:32.869Z,337539,0x0D,Speed,40,mph,SAE J1850 VPW,115200
2026-10-02T23:26:33.012Z,337682,0x11,Throttle,20,%,SAE J1850 VPW,115200
2026-10-02T23:26:33.179Z,337849,0x04,Engine load,13,%,SAE J1850 VPW,115200
2026-10-02T23:26:33.317Z,337987,0x06,Short-term fuel trim,-3.9,%,SAE J1850 VPW,115200
2026-10-02T23:26:33.494Z,338164,0x0B,Intake manifold pressure,48,kPa,SAE J1850 VPW,115200
2026-10-02T23:26:33.621Z,338291,0x0E,Timing advance,34.5,°,SAE J1850 VPW,115200
2026-10-02T23:26:33.765Z,338435,0x14,"O2 sensor, bank 1 sensor 1",0.10,V,SAE J1850 VPW,115200
2026-10-02T23:26:33.932Z,338602,0x15,"O2 sensor, bank 1 sensor 2",0.10,V,SAE J1850 VPW,115200
2026-10-02T23:26:34.132Z,338802,0x0C,Engine RPM,1730,rpm,SAE J1850 VPW,115200
2026-10-02T23:26:34.276Z,338946,0x0D,Speed,40,mph,SAE J1850 VPW,115200
2026-10-02T23:26:34.436Z,339106,0x11,Throttle,20,%,SAE J1850 VPW,115200
2026-10-02T23:26:34.612Z,339282,0x04,Engine load,14,%,SAE J1850 VPW,115200
2026-10-02T23:26:34.757Z,339427,0x06,Short-term fuel trim,-1.6,%,SAE J1850 VPW,115200
2026-10-02T23:26:34.900Z,339570,0x0B,Intake manifold pressure,48,kPa,SAE J1850 VPW,115200
2026-10-02T23:26:35.060Z,339730,0x0E,Timing advance,34.0,°,SAE J1850 VPW,115200
2026-10-02T23:26:35.221Z,339891,0x14,"O2 sensor, bank 1 sensor 1",0.55,V,SAE J1850 VPW,115200
2026-10-02T23:26:35.349Z,340019,0x15,"O2 sensor, bank 1 sensor 2",0.79,V,SAE J1850 VPW,115200
2026-10-02T23:26:35.544Z,340214,0x0C,Engine RPM,1734,rpm,SAE J1850 VPW,115200
2026-10-02T23:26:35.669Z,340339,0x0D,Speed,39,mph,SAE J1850 VPW,115200
2026-10-02T23:26:35.812Z,340482,0x11,Throttle,21,%,SAE J1850 VPW,115200
2026-10-02T23:26:35.976Z,340646,0x04,Engine load,14,%,SAE J1850 VPW,115200
2026-10-02T23:26:36.117Z,340787,0x06,Short-term fuel trim,-2.3,%,SAE J1850 VPW,115200
2026-10-02T23:26:36.263Z,340933,0x0B,Intake manifold pressure,51,kPa,SAE J1850 VPW,115200
2026-10-02T23:26:36.421Z,341091,0x0E,Timing advance,32.0,°,SAE J1850 VPW,115200
2026-10-02T23:26:36.581Z,341251,0x14,"O2 sensor, bank 1 sensor 1",0.79,V,SAE J1850 VPW,115200
2026-10-02T23:26:36.725Z,341395,0x15,"O2 sensor, bank 1 sensor 2",0.82,V,SAE J1850 VPW,115200
2026-10-02T23:26:36.933Z,341603,0x0C,Engine RPM,1785,rpm,SAE J1850 VPW,115200
2026-10-02T23:26:37.093Z,341763,0x0D,Speed,39,mph,SAE J1850 VPW,115200
2026-10-02T23:26:37.237Z,341907,0x11,Throttle,22,%,SAE J1850 VPW,115200
2026-10-02T23:26:37.380Z,342050,0x04,Engine load,16,%,SAE J1850 VPW,115200
2026-10-02T23:26:37.542Z,342212,0x06,Short-term fuel trim,1.6,%,SAE J1850 VPW,115200
2026-10-02T23:26:37.685Z,342355,0x0B,Intake manifold pressure,56,kPa,SAE J1850 VPW,115200
2026-10-02T23:26:37.828Z,342498,0x0E,Timing advance,31.5,°,SAE J1850 VPW,115200
2026-10-02T23:26:37.989Z,342659,0x14,"O2 sensor, bank 1 sensor 1",0.17,V,SAE J1850 VPW,115200
2026-10-02T23:26:38.133Z,342803,0x15,"O2 sensor, bank 1 sensor 2",0.59,V,SAE J1850 VPW,115200
2026-10-02T23:26:38.325Z,342995,0x0C,Engine RPM,1806,rpm,SAE J1850 VPW,115200
2026-10-02T23:26:38.468Z,343138,0x0D,Speed,39,mph,SAE J1850 VPW,115200
2026-10-02T23:26:38.597Z,343267,0x11,Throttle,22,%,SAE J1850 VPW,115200
2026-10-02T23:26:38.724Z,343394,0x04,Engine load,16,%,SAE J1850 VPW,115200
2026-10-02T23:26:38.885Z,343555,0x06,Short-term fuel trim,-3.1,%,SAE J1850 VPW,115200
2026-10-02T23:26:39.031Z,343701,0x07,Long-term fuel trim,10.9,%,SAE J1850 VPW,115200
2026-10-02T23:26:39.189Z,343859,0x05,Coolant temp,190,°F,SAE J1850 VPW,115200
2026-10-02T23:26:39.333Z,344003,0x0B,Intake manifold pressure,56,kPa,SAE J1850 VPW,115200
2026-10-02T23:26:39.478Z,344148,0x0E,Timing advance,31.0,°,SAE J1850 VPW,115200
2026-10-02T23:26:39.607Z,344277,0x14,"O2 sensor, bank 1 sensor 1",0.57,V,SAE J1850 VPW,115200
2026-10-02T23:26:39.749Z,344419,0x15,"O2 sensor, bank 1 sensor 2",0.81,V,SAE J1850 VPW,115200
2026-10-02T23:26:39.897Z,344567,0x03,Fuel system,Closed loop,,SAE J1850 VPW,115200
2026-10-02T23:26:39.913Z,344583,ATRV,Battery,13.4,V,SAE J1850 VPW,115200
2026-10-02T23:26:40.102Z,344772,0x0C,Engine RPM,1815,rpm,SAE J1850 VPW,115200
2026-10-02T23:26:40.244Z,344914,0x0D,Speed,39,mph,SAE J1850 VPW,115200
2026-10-02T23:26:40.389Z,345059,0x11,Throttle,22,%,SAE J1850 VPW,115200
2026-10-02T23:26:40.545Z,345215,0x04,Engine load,15,%,SAE J1850 VPW,115200
2026-10-02T23:26:40.693Z,345363,0x06,Short-term fuel trim,-4.7,%,SAE J1850 VPW,115200
2026-10-02T23:26:40.837Z,345507,0x0B,Intake manifold pressure,41,kPa,SAE J1850 VPW,115200
2026-10-02T23:26:40.981Z,345651,0x0E,Timing advance,42.5,°,SAE J1850 VPW,115200
2026-10-02T23:26:41.128Z,345798,0x14,"O2 sensor, bank 1 sensor 1",0.34,V,SAE J1850 VPW,115200
2026-10-02T23:26:41.285Z,345955,0x15,"O2 sensor, bank 1 sensor 2",0.82,V,SAE J1850 VPW,115200
2026-10-02T23:26:41.479Z,346149,0x0C,Engine RPM,1641,rpm,SAE J1850 VPW,115200
2026-10-02T23:26:41.606Z,346276,0x0D,Speed,40,mph,SAE J1850 VPW,115200
2026-10-02T23:26:41.749Z,346419,0x11,Throttle,16,%,SAE J1850 VPW,115200
2026-10-02T23:26:41.895Z,346565,0x04,Engine load,8,%,SAE J1850 VPW,115200
2026-10-02T23:26:42.037Z,346707,0x06,Short-term fuel trim,-5.5,%,SAE J1850 VPW,115200
2026-10-02T23:26:42.165Z,346835,0x0B,Intake manifold pressure,29,kPa,SAE J1850 VPW,115200
2026-10-02T23:26:42.296Z,346966,0x0E,Timing advance,37.0,°,SAE J1850 VPW,115200
2026-10-02T23:26:42.453Z,347123,0x14,"O2 sensor, bank 1 sensor 1",0.12,V,SAE J1850 VPW,115200
2026-10-02T23:26:42.597Z,347267,0x15,"O2 sensor, bank 1 sensor 2",0.12,V,SAE J1850 VPW,115200
2026-10-02T23:26:42.789Z,347459,0x0C,Engine RPM,1541,rpm,SAE J1850 VPW,115200
2026-10-02T23:26:42.917Z,347587,0x0D,Speed,40,mph,SAE J1850 VPW,115200
2026-10-02T23:26:43.044Z,347714,0x11,Throttle,18,%,SAE J1850 VPW,115200
2026-10-02T23:26:43.190Z,347860,0x04,Engine load,9,%,SAE J1850 VPW,115200
2026-10-02T23:26:43.349Z,348019,0x06,Short-term fuel trim,-2.3,%,SAE J1850 VPW,115200
2026-10-02T23:26:43.497Z,348167,0x0B,Intake manifold pressure,42,kPa,SAE J1850 VPW,115200
2026-10-02T23:26:43.638Z,348308,0x0E,Timing advance,34.5,°,SAE J1850 VPW,115200
2026-10-02T23:26:43.797Z,348467,0x14,"O2 sensor, bank 1 sensor 1",0.10,V,SAE J1850 VPW,115200
2026-10-02T23:26:43.944Z,348614,0x15,"O2 sensor, bank 1 sensor 2",0.10,V,SAE J1850 VPW,115200
2026-10-02T23:26:44.133Z,348803,0x0C,Engine RPM,1724,rpm,SAE J1850 VPW,115200
2026-10-02T23:26:44.299Z,348969,0x0D,Speed,39,mph,SAE J1850 VPW,115200
2026-10-02T23:26:44.469Z,349139,0x11,Throttle,21,%,SAE J1850 VPW,115200
2026-10-02T23:26:44.597Z,349267,0x04,Engine load,14,%,SAE J1850 VPW,115200
2026-10-02T23:26:44.730Z,349400,0x06,Short-term fuel trim,3.9,%,SAE J1850 VPW,115200
2026-10-02T23:26:44.885Z,349555,0x0B,Intake manifold pressure,49,kPa,SAE J1850 VPW,115200
2026-10-02T23:26:45.030Z,349700,0x0E,Timing advance,30.5,°,SAE J1850 VPW,115200
2026-10-02T23:26:45.162Z,349832,0x14,"O2 sensor, bank 1 sensor 1",0.57,V,SAE J1850 VPW,115200
2026-10-02T23:26:45.301Z,349971,0x15,"O2 sensor, bank 1 sensor 2",0.20,V,SAE J1850 VPW,115200
2026-10-02T23:26:45.513Z,350183,0x0C,Engine RPM,1752,rpm,SAE J1850 VPW,115200
2026-10-02T23:26:45.653Z,350323,0x0D,Speed,40,mph,SAE J1850 VPW,115200
2026-10-02T23:26:45.812Z,350482,0x11,Throttle,21,%,SAE J1850 VPW,115200
2026-10-02T23:26:45.974Z,350644,0x04,Engine load,14,%,SAE J1850 VPW,115200
2026-10-02T23:26:46.101Z,350771,0x06,Short-term fuel trim,-0.8,%,SAE J1850 VPW,115200
2026-10-02T23:26:46.276Z,350946,0x07,Long-term fuel trim,11.7,%,SAE J1850 VPW,115200
2026-10-02T23:26:46.421Z,351091,0x05,Coolant temp,190,°F,SAE J1850 VPW,115200
2026-10-02T23:26:46.580Z,351250,0x0B,Intake manifold pressure,40,kPa,SAE J1850 VPW,115200
2026-10-02T23:26:46.734Z,351404,0x0E,Timing advance,42.5,°,SAE J1850 VPW,115200
2026-10-02T23:26:46.869Z,351539,0x14,"O2 sensor, bank 1 sensor 1",0.21,V,SAE J1850 VPW,115200
2026-10-02T23:26:47.013Z,351683,0x15,"O2 sensor, bank 1 sensor 2",0.15,V,SAE J1850 VPW,115200
2026-10-02T23:26:47.164Z,351834,0x03,Fuel system,Closed loop,,SAE J1850 VPW,115200
2026-10-02T23:26:47.181Z,351851,ATRV,Battery,13.5,V,SAE J1850 VPW,115200
2026-10-02T23:26:47.399Z,352069,0x0C,Engine RPM,1665,rpm,SAE J1850 VPW,115200
2026-10-02T23:26:47.545Z,352215,0x0D,Speed,40,mph,SAE J1850 VPW,115200
2026-10-02T23:26:47.685Z,352355,0x11,Throttle,19,%,SAE J1850 VPW,115200
2026-10-02T23:26:47.845Z,352515,0x04,Engine load,11,%,SAE J1850 VPW,115200
2026-10-02T23:26:47.974Z,352644,0x06,Short-term fuel trim,-3.1,%,SAE J1850 VPW,115200
2026-10-02T23:26:48.101Z,352771,0x0B,Intake manifold pressure,39,kPa,SAE J1850 VPW,115200
2026-10-02T23:26:48.233Z,352903,0x0E,Timing advance,43.0,°,SAE J1850 VPW,115200
2026-10-02T23:26:48.373Z,353043,0x14,"O2 sensor, bank 1 sensor 1",0.77,V,SAE J1850 VPW,115200
2026-10-02T23:26:48.517Z,353187,0x15,"O2 sensor, bank 1 sensor 2",0.82,V,SAE J1850 VPW,115200
2026-10-02T23:26:48.724Z,353394,0x0C,Engine RPM,1607,rpm,SAE J1850 VPW,115200
2026-10-02T23:26:48.853Z,353523,0x0D,Speed,40,mph,SAE J1850 VPW,115200
2026-10-02T23:26:48.981Z,353651,0x11,Throttle,16,%,SAE J1850 VPW,115200
2026-10-02T23:26:49.130Z,353800,0x04,Engine load,7,%,SAE J1850 VPW,115200
2026-10-02T23:26:49.285Z,353955,0x06,Short-term fuel trim,0.0,%,SAE J1850 VPW,115200
2026-10-02T23:26:49.414Z,354084,0x0B,Intake manifold pressure,28,kPa,SAE J1850 VPW,115200
2026-10-02T23:26:49.551Z,354221,0x0E,Timing advance,36.5,°,SAE J1850 VPW,115200
2026-10-02T23:26:49.701Z,354371,0x14,"O2 sensor, bank 1 sensor 1",0.20,V,SAE J1850 VPW,115200
2026-10-02T23:26:49.881Z,354551,0x15,"O2 sensor, bank 1 sensor 2",0.12,V,SAE J1850 VPW,115200
2026-10-02T23:26:50.085Z,354755,0x0C,Engine RPM,1529,rpm,SAE J1850 VPW,115200
2026-10-02T23:26:50.228Z,354898,0x0D,Speed,39,mph,SAE J1850 VPW,115200
2026-10-02T23:26:50.358Z,355028,0x11,Throttle,16,%,SAE J1850 VPW,115200
2026-10-02T23:26:50.485Z,355155,0x04,Engine load,7,%,SAE J1850 VPW,115200
2026-10-02T23:26:50.628Z,355298,0x06,Short-term fuel trim,3.9,%,SAE J1850 VPW,115200
2026-10-02T23:26:50.775Z,355445,0x0B,Intake manifold pressure,28,kPa,SAE J1850 VPW,115200
2026-10-02T23:26:50.917Z,355587,0x0E,Timing advance,35.0,°,SAE J1850 VPW,115200
2026-10-02T23:26:51.047Z,355717,0x14,"O2 sensor, bank 1 sensor 1",0.14,V,SAE J1850 VPW,115200
2026-10-02T23:26:51.207Z,355877,0x15,"O2 sensor, bank 1 sensor 2",0.10,V,SAE J1850 VPW,115200
2026-10-02T23:26:51.397Z,356067,0x0C,Engine RPM,1512,rpm,SAE J1850 VPW,115200
2026-10-02T23:26:51.544Z,356214,0x0D,Speed,38,mph,SAE J1850 VPW,115200
2026-10-02T23:26:51.684Z,356354,0x11,Throttle,16,%,SAE J1850 VPW,115200
2026-10-02T23:26:51.862Z,356532,0x04,Engine load,7,%,SAE J1850 VPW,115200
2026-10-02T23:26:51.990Z,356660,0x06,Short-term fuel trim,2.3,%,SAE J1850 VPW,115200
2026-10-02T23:26:52.133Z,356803,0x0B,Intake manifold pressure,28,kPa,SAE J1850 VPW,115200
2026-10-02T23:26:52.329Z,356999,0x0E,Timing advance,34.0,°,SAE J1850 VPW,115200
2026-10-02T23:26:52.469Z,357139,0x14,"O2 sensor, bank 1 sensor 1",0.14,V,SAE J1850 VPW,115200
2026-10-02T23:26:52.598Z,357268,0x15,"O2 sensor, bank 1 sensor 2",0.12,V,SAE J1850 VPW,115200
2026-10-02T23:26:52.794Z,357464,0x0C,Engine RPM,1484,rpm,SAE J1850 VPW,115200
2026-10-02T23:26:52.949Z,357619,0x0D,Speed,37,mph,SAE J1850 VPW,115200
2026-10-02T23:26:53.094Z,357764,0x11,Throttle,16,%,SAE J1850 VPW,115200
2026-10-02T23:26:53.253Z,357923,0x04,Engine load,7,%,SAE J1850 VPW,115200
2026-10-02T23:26:53.397Z,358067,0x06,Short-term fuel trim,8.6,%,SAE J1850 VPW,115200
2026-10-02T23:26:53.563Z,358233,0x07,Long-term fuel trim,10.9,%,SAE J1850 VPW,115200
2026-10-02T23:26:53.701Z,358371,0x05,Coolant temp,190,°F,SAE J1850 VPW,115200
2026-10-02T23:26:53.845Z,358515,0x0B,Intake manifold pressure,31,kPa,SAE J1850 VPW,115200
2026-10-02T23:26:54.005Z,358675,0x0E,Timing advance,34.5,°,SAE J1850 VPW,115200
2026-10-02T23:26:54.149Z,358819,0x14,"O2 sensor, bank 1 sensor 1",0.23,V,SAE J1850 VPW,115200
2026-10-02T23:26:54.347Z,359017,0x15,"O2 sensor, bank 1 sensor 2",0.20,V,SAE J1850 VPW,115200
2026-10-02T23:26:54.501Z,359171,0x03,Fuel system,Closed loop,,SAE J1850 VPW,115200
2026-10-02T23:26:54.518Z,359188,ATRV,Battery,13.5,V,SAE J1850 VPW,115200
2026-10-02T23:26:54.710Z,359380,0x0C,Engine RPM,1588,rpm,SAE J1850 VPW,115200
2026-10-02T23:26:54.853Z,359523,0x0D,Speed,37,mph,SAE J1850 VPW,115200
2026-10-02T23:26:55.012Z,359682,0x11,Throttle,20,%,SAE J1850 VPW,115200
2026-10-02T23:26:55.160Z,359830,0x04,Engine load,12,%,SAE J1850 VPW,115200
2026-10-02T23:26:55.317Z,359987,0x06,Short-term fuel trim,0.8,%,SAE J1850 VPW,115200
2026-10-02T23:26:55.465Z,360135,0x0B,Intake manifold pressure,47,kPa,SAE J1850 VPW,115200
2026-10-02T23:26:55.605Z,360275,0x0E,Timing advance,29.0,°,SAE J1850 VPW,115200
2026-10-02T23:26:55.749Z,360419,0x14,"O2 sensor, bank 1 sensor 1",0.67,V,SAE J1850 VPW,115200
2026-10-02T23:26:55.915Z,360585,0x15,"O2 sensor, bank 1 sensor 2",0.70,V,SAE J1850 VPW,115200
2026-10-02T23:26:56.117Z,360787,0x0C,Engine RPM,1650,rpm,SAE J1850 VPW,115200
2026-10-02T23:26:56.293Z,360963,0x0D,Speed,37,mph,SAE J1850 VPW,115200
2026-10-02T23:26:56.436Z,361106,0x11,Throttle,20,%,SAE J1850 VPW,115200
2026-10-02T23:26:56.581Z,361251,0x04,Engine load,13,%,SAE J1850 VPW,115200
2026-10-02T23:26:56.726Z,361396,0x06,Short-term fuel trim,2.3,%,SAE J1850 VPW,115200
2026-10-02T23:26:56.869Z,361539,0x0B,Intake manifold pressure,46,kPa,SAE J1850 VPW,115200
2026-10-02T23:26:57.012Z,361682,0x0E,Timing advance,32.0,°,SAE J1850 VPW,115200
2026-10-02T23:26:57.158Z,361828,0x14,"O2 sensor, bank 1 sensor 1",0.77,V,SAE J1850 VPW,115200
2026-10-02T23:26:57.317Z,361987,0x15,"O2 sensor, bank 1 sensor 2",0.74,V,SAE J1850 VPW,115200
2026-10-02T23:26:57.513Z,362183,0x0C,Engine RPM,1550,rpm,SAE J1850 VPW,115200
2026-10-02T23:26:57.653Z,362323,0x0D,Speed,37,mph,SAE J1850 VPW,115200
2026-10-02T23:26:57.814Z,362484,0x11,Throttle,16,%,SAE J1850 VPW,115200
2026-10-02T23:26:57.959Z,362629,0x04,Engine load,7,%,SAE J1850 VPW,115200
2026-10-02T23:26:58.101Z,362771,0x06,Short-term fuel trim,-2.3,%,SAE J1850 VPW,115200
2026-10-02T23:26:58.246Z,362916,0x0B,Intake manifold pressure,29,kPa,SAE J1850 VPW,115200
2026-10-02T23:26:58.392Z,363062,0x0E,Timing advance,32.0,°,SAE J1850 VPW,115200
2026-10-02T23:26:58.549Z,363219,0x14,"O2 sensor, bank 1 sensor 1",0.08,V,SAE J1850 VPW,115200
2026-10-02T23:26:58.696Z,363366,0x15,"O2 sensor, bank 1 sensor 2",0.10,V,SAE J1850 VPW,115200
2026-10-02T23:26:58.885Z,363555,0x0C,Engine RPM,1486,rpm,SAE J1850 VPW,115200
2026-10-02T23:26:59.030Z,363700,0x0D,Speed,37,mph,SAE J1850 VPW,115200
2026-10-02T23:26:59.173Z,363843,0x11,Throttle,17,%,SAE J1850 VPW,115200
2026-10-02T23:26:59.317Z,363987,0x04,Engine load,8,%,SAE J1850 VPW,115200
2026-10-02T23:26:59.481Z,364151,0x06,Short-term fuel trim,0.0,%,SAE J1850 VPW,115200
2026-10-02T23:26:59.637Z,364307,0x0B,Intake manifold pressure,33,kPa,SAE J1850 VPW,115200
2026-10-02T23:26:59.782Z,364452,0x0E,Timing advance,34.5,°,SAE J1850 VPW,115200
2026-10-02T23:26:59.946Z,364616,0x14,"O2 sensor, bank 1 sensor 1",0.10,V,SAE J1850 VPW,115200
2026-10-02T23:27:00.117Z,364787,0x15,"O2 sensor, bank 1 sensor 2",0.14,V,SAE J1850 VPW,115200
2026-10-02T23:27:00.330Z,365000,0x0C,Engine RPM,1547,rpm,SAE J1850 VPW,115200
2026-10-02T23:27:00.501Z,365171,0x0D,Speed,36,mph,SAE J1850 VPW,115200
2026-10-02T23:27:00.646Z,365316,0x11,Throttle,19,%,SAE J1850 VPW,115200
2026-10-02T23:27:00.789Z,365459,0x04,Engine load,10,%,SAE J1850 VPW,115200
2026-10-02T23:27:00.933Z,365603,0x06,Short-term fuel trim,3.9,%,SAE J1850 VPW,115200
2026-10-02T23:27:01.080Z,365750,0x07,Long-term fuel trim,14.1,%,SAE J1850 VPW,115200
2026-10-02T23:27:01.269Z,365939,0x05,Coolant temp,190,°F,SAE J1850 VPW,115200
2026-10-02T23:27:01.413Z,366083,0x0B,Intake manifold pressure,41,kPa,SAE J1850 VPW,115200
2026-10-02T23:27:01.558Z,366228,0x0E,Timing advance,37.5,°,SAE J1850 VPW,115200
2026-10-02T23:27:01.717Z,366387,0x14,"O2 sensor, bank 1 sensor 1",0.67,V,SAE J1850 VPW,115200
2026-10-02T23:27:01.864Z,366534,0x15,"O2 sensor, bank 1 sensor 2",0.51,V,SAE J1850 VPW,115200
2026-10-02T23:27:02.005Z,366675,0x03,Fuel system,Closed loop,,SAE J1850 VPW,115200
2026-10-02T23:27:02.022Z,366692,ATRV,Battery,13.4,V,SAE J1850 VPW,115200
2026-10-02T23:27:02.230Z,366900,0x0C,Engine RPM,1570,rpm,SAE J1850 VPW,115200
2026-10-02T23:27:02.373Z,367043,0x0D,Speed,36,mph,SAE J1850 VPW,115200
2026-10-02T23:27:02.517Z,367187,0x11,Throttle,16,%,SAE J1850 VPW,115200
2026-10-02T23:27:02.661Z,367331,0x04,Engine load,7,%,SAE J1850 VPW,115200
2026-10-02T23:27:02.789Z,367459,0x06,Short-term fuel trim,0.0,%,SAE J1850 VPW,115200
2026-10-02T23:27:02.920Z,367590,0x0B,Intake manifold pressure,30,kPa,SAE J1850 VPW,115200
2026-10-02T23:27:03.078Z,367748,0x0E,Timing advance,32.0,°,SAE J1850 VPW,115200
2026-10-02T23:27:03.221Z,367891,0x14,"O2 sensor, bank 1 sensor 1",0.17,V,SAE J1850 VPW,115200
2026-10-02T23:27:03.381Z,368051,0x15,"O2 sensor, bank 1 sensor 2",0.23,V,SAE J1850 VPW,115200
2026-10-02T23:27:03.595Z,368265,0x0C,Engine RPM,1424,rpm,SAE J1850 VPW,115200
2026-10-02T23:27:03.733Z,368403,0x0D,Speed,35,mph,SAE J1850 VPW,115200
2026-10-02T23:27:03.877Z,368547,0x11,Throttle,16,%,SAE J1850 VPW,115200
2026-10-02T23:27:04.021Z,368691,0x04,Engine load,7,%,SAE J1850 VPW,115200
2026-10-02T23:27:04.197Z,368867,0x06,Short-term fuel trim,1.6,%,SAE J1850 VPW,115200
2026-10-02T23:27:04.347Z,369017,0x0B,Intake manifold pressure,30,kPa,SAE J1850 VPW,115200
2026-10-02T23:27:04.485Z,369155,0x0E,Timing advance,31.0,°,SAE J1850 VPW,115200
2026-10-02T23:27:04.645Z,369315,0x14,"O2 sensor, bank 1 sensor 1",0.26,V,SAE J1850 VPW,115200
2026-10-02T23:27:04.790Z,369460,0x15,"O2 sensor, bank 1 sensor 2",0.23,V,SAE J1850 VPW,115200
2026-10-02T23:27:04.997Z,369667,0x0C,Engine RPM,1381,rpm,SAE J1850 VPW,115200
2026-10-02T23:27:05.144Z,369814,0x0D,Speed,35,mph,SAE J1850 VPW,115200
2026-10-02T23:27:05.333Z,370003,0x11,Throttle,16,%,SAE J1850 VPW,115200
2026-10-02T23:27:05.477Z,370147,0x04,Engine load,7,%,SAE J1850 VPW,115200
2026-10-02T23:27:05.622Z,370292,0x06,Short-term fuel trim,0.8,%,SAE J1850 VPW,115200
2026-10-02T23:27:05.765Z,370435,0x0B,Intake manifold pressure,32,kPa,SAE J1850 VPW,115200
2026-10-02T23:27:05.928Z,370598,0x0E,Timing advance,29.5,°,SAE J1850 VPW,115200
2026-10-02T23:27:06.069Z,370739,0x14,"O2 sensor, bank 1 sensor 1",0.72,V,SAE J1850 VPW,115200
2026-10-02T23:27:06.213Z,370883,0x15,"O2 sensor, bank 1 sensor 2",0.79,V,SAE J1850 VPW,115200
2026-10-02T23:27:06.422Z,371092,0x0C,Engine RPM,1334,rpm,SAE J1850 VPW,115200
2026-10-02T23:27:06.564Z,371234,0x0D,Speed,34,mph,SAE J1850 VPW,115200
2026-10-02T23:27:06.709Z,371379,0x11,Throttle,16,%,SAE J1850 VPW,115200
2026-10-02T23:27:06.837Z,371507,0x04,Engine load,7,%,SAE J1850 VPW,115200
2026-10-02T23:27:06.982Z,371652,0x06,Short-term fuel trim,-0.8,%,SAE J1850 VPW,115200
2026-10-02T23:27:07.132Z,371802,0x0B,Intake manifold pressure,33,kPa,SAE J1850 VPW,115200
2026-10-02T23:27:07.269Z,371939,0x0E,Timing advance,27.5,°,SAE J1850 VPW,115200
2026-10-02T23:27:07.430Z,372100,0x14,"O2 sensor, bank 1 sensor 1",0.81,V,SAE J1850 VPW,115200
2026-10-02T23:27:07.590Z,372260,0x15,"O2 sensor, bank 1 sensor 2",0.84,V,SAE J1850 VPW,115200
2026-10-02T23:27:07.797Z,372467,0x0C,Engine RPM,1257,rpm,SAE J1850 VPW,115200
2026-10-02T23:27:07.944Z,372614,0x0D,Speed,31,mph,SAE J1850 VPW,115200
2026-10-02T23:27:08.100Z,372770,0x11,Throttle,16,%,SAE J1850 VPW,115200
2026-10-02T23:27:08.244Z,372914,0x04,Engine load,7,%,SAE J1850 VPW,115200
2026-10-02T23:27:08.389Z,373059,0x06,Short-term fuel trim,-3.9,%,SAE J1850 VPW,115200
2026-10-02T23:27:08.533Z,373203,0x07,Long-term fuel trim,11.7,%,SAE J1850 VPW,115200
2026-10-02T23:27:08.664Z,373334,0x05,Coolant temp,189,°F,SAE J1850 VPW,115200
2026-10-02T23:27:08.805Z,373475,0x0B,Intake manifold pressure,33,kPa,SAE J1850 VPW,115200
2026-10-02T23:27:08.949Z,373619,0x0E,Timing advance,24.0,°,SAE J1850 VPW,115200
2026-10-02T23:27:09.114Z,373784,0x14,"O2 sensor, bank 1 sensor 1",0.77,V,SAE J1850 VPW,115200
2026-10-02T23:27:09.254Z,373924,0x15,"O2 sensor, bank 1 sensor 2",0.79,V,SAE J1850 VPW,115200
2026-10-02T23:27:09.401Z,374071,0x03,Fuel system,Closed loop,,SAE J1850 VPW,115200
2026-10-02T23:27:09.418Z,374088,ATRV,Battery,13.4,V,SAE J1850 VPW,115200
2026-10-02T23:27:09.621Z,374291,0x0C,Engine RPM,1154,rpm,SAE J1850 VPW,115200
2026-10-02T23:27:09.765Z,374435,0x0D,Speed,27,mph,SAE J1850 VPW,115200
2026-10-02T23:27:09.909Z,374579,0x11,Throttle,16,%,SAE J1850 VPW,115200
2026-10-02T23:27:10.037Z,374707,0x04,Engine load,6,%,SAE J1850 VPW,115200
2026-10-02T23:27:10.165Z,374835,0x06,Short-term fuel trim,-5.5,%,SAE J1850 VPW,115200
2026-10-02T23:27:10.300Z,374970,0x0B,Intake manifold pressure,36,kPa,SAE J1850 VPW,115200
2026-10-02T23:27:10.453Z,375123,0x0E,Timing advance,21.5,°,SAE J1850 VPW,115200
2026-10-02T23:27:10.599Z,375269,0x14,"O2 sensor, bank 1 sensor 1",0.17,V,SAE J1850 VPW,115200
2026-10-02T23:27:10.748Z,375418,0x15,"O2 sensor, bank 1 sensor 2",0.14,V,SAE J1850 VPW,115200
2026-10-02T23:27:10.949Z,375619,0x0C,Engine RPM,1086,rpm,SAE J1850 VPW,115200
2026-10-02T23:27:11.128Z,375798,0x0D,Speed,24,mph,SAE J1850 VPW,115200
2026-10-02T23:27:11.269Z,375939,0x11,Throttle,16,%,SAE J1850 VPW,115200
2026-10-02T23:27:11.413Z,376083,0x04,Engine load,6,%,SAE J1850 VPW,115200
2026-10-02T23:27:11.560Z,376230,0x06,Short-term fuel trim,-3.9,%,SAE J1850 VPW,115200
2026-10-02T23:27:11.701Z,376371,0x0B,Intake manifold pressure,37,kPa,SAE J1850 VPW,115200
2026-10-02T23:27:11.845Z,376515,0x0E,Timing advance,20.0,°,SAE J1850 VPW,115200
2026-10-02T23:27:11.973Z,376643,0x14,"O2 sensor, bank 1 sensor 1",0.79,V,SAE J1850 VPW,115200
2026-10-02T23:27:12.101Z,376771,0x15,"O2 sensor, bank 1 sensor 2",0.82,V,SAE J1850 VPW,115200
2026-10-02T23:27:12.313Z,376983,0x0C,Engine RPM,1169,rpm,SAE J1850 VPW,115200
2026-10-02T23:27:12.453Z,377123,0x0D,Speed,21,mph,SAE J1850 VPW,115200
2026-10-02T23:27:12.596Z,377266,0x11,Throttle,16,%,SAE J1850 VPW,115200
2026-10-02T23:27:12.727Z,377397,0x04,Engine load,6,%,SAE J1850 VPW,115200
2026-10-02T23:27:12.869Z,377539,0x06,Short-term fuel trim,-6.3,%,SAE J1850 VPW,115200
2026-10-02T23:27:13.014Z,377684,0x0B,Intake manifold pressure,33,kPa,SAE J1850 VPW,115200
2026-10-02T23:27:13.159Z,377829,0x0E,Timing advance,22.5,°,SAE J1850 VPW,115200
2026-10-02T23:27:13.301Z,377971,0x14,"O2 sensor, bank 1 sensor 1",0.38,V,SAE J1850 VPW,115200
2026-10-02T23:27:13.452Z,378122,0x15,"O2 sensor, bank 1 sensor 2",0.49,V,SAE J1850 VPW,115200
2026-10-02T23:27:13.653Z,378323,0x0C,Engine RPM,1016,rpm,SAE J1850 VPW,115200
2026-10-02T23:27:13.818Z,378488,0x0D,Speed,16,mph,SAE J1850 VPW,115200
2026-10-02T23:27:13.973Z,378643,0x11,Throttle,16,%,SAE J1850 VPW,115200
2026-10-02T23:27:14.117Z,378787,0x04,Engine load,6,%,SAE J1850 VPW,115200
2026-10-02T23:27:14.278Z,378948,0x06,Short-term fuel trim,-5.5,%,SAE J1850 VPW,115200
2026-10-02T23:27:14.421Z,379091,0x0B,Intake manifold pressure,41,kPa,SAE J1850 VPW,115200
2026-10-02T23:27:14.566Z,379236,0x0E,Timing advance,13.0,°,SAE J1850 VPW,115200
2026-10-02T23:27:14.757Z,379427,0x14,"O2 sensor, bank 1 sensor 1",0.08,V,SAE J1850 VPW,115200
2026-10-02T23:27:14.901Z,379571,0x15,"O2 sensor, bank 1 sensor 2",0.08,V,SAE J1850 VPW,115200
2026-10-02T23:27:15.109Z,379779,0x0C,Engine RPM,871,rpm,SAE J1850 VPW,115200
2026-10-02T23:27:15.253Z,379923,0x0D,Speed,11,mph,SAE J1850 VPW,115200
2026-10-02T23:27:15.413Z,380083,0x11,Throttle,16,%,SAE J1850 VPW,115200
2026-10-02T23:27:15.557Z,380227,0x04,Engine load,6,%,SAE J1850 VPW,115200
2026-10-02T23:27:15.701Z,380371,0x06,Short-term fuel trim,0.0,%,SAE J1850 VPW,115200
2026-10-02T23:27:15.844Z,380514,0x07,Long-term fuel trim,9.4,%,SAE J1850 VPW,115200
2026-10-02T23:27:15.989Z,380659,0x05,Coolant temp,189,°F,SAE J1850 VPW,115200
2026-10-02T23:27:16.165Z,380835,0x0B,Intake manifold pressure,42,kPa,SAE J1850 VPW,115200
2026-10-02T23:27:16.310Z,380980,0x0E,Timing advance,7.0,°,SAE J1850 VPW,115200
2026-10-02T23:27:16.469Z,381139,0x14,"O2 sensor, bank 1 sensor 1",0.72,V,SAE J1850 VPW,115200
2026-10-02T23:27:16.629Z,381299,0x15,"O2 sensor, bank 1 sensor 2",0.81,V,SAE J1850 VPW,115200
2026-10-02T23:27:16.773Z,381443,0x03,Fuel system,Closed loop,,SAE J1850 VPW,115200
2026-10-02T23:27:16.789Z,381459,ATRV,Battery,13.4,V,SAE J1850 VPW,115200
2026-10-02T23:27:16.981Z,381651,0x0C,Engine RPM,957,rpm,SAE J1850 VPW,115200
2026-10-02T23:27:17.125Z,381795,0x0D,Speed,10,mph,SAE J1850 VPW,115200
2026-10-02T23:27:17.269Z,381939,0x11,Throttle,16,%,SAE J1850 VPW,115200
2026-10-02T23:27:17.445Z,382115,0x04,Engine load,6,%,SAE J1850 VPW,115200
2026-10-02T23:27:17.588Z,382258,0x06,Short-term fuel trim,-4.7,%,SAE J1850 VPW,115200
2026-10-02T23:27:17.749Z,382419,0x0B,Intake manifold pressure,41,kPa,SAE J1850 VPW,115200
2026-10-02T23:27:17.895Z,382565,0x0E,Timing advance,6.0,°,SAE J1850 VPW,115200
2026-10-02T23:27:18.053Z,382723,0x14,"O2 sensor, bank 1 sensor 1",0.77,V,SAE J1850 VPW,115200
2026-10-02T23:27:18.196Z,382866,0x15,"O2 sensor, bank 1 sensor 2",0.81,V,SAE J1850 VPW,115200
2026-10-02T23:27:18.388Z,383058,0x0C,Engine RPM,929,rpm,SAE J1850 VPW,115200
2026-10-02T23:27:18.581Z,383251,0x0D,Speed,9,mph,SAE J1850 VPW,115200
2026-10-02T23:27:18.744Z,383414,0x11,Throttle,16,%,SAE J1850 VPW,115200
2026-10-02T23:27:18.885Z,383555,0x04,Engine load,6,%,SAE J1850 VPW,115200
2026-10-02T23:27:19.029Z,383699,0x06,Short-term fuel trim,0.0,%,SAE J1850 VPW,115200
2026-10-02T23:27:19.174Z,383844,0x0B,Intake manifold pressure,41,kPa,SAE J1850 VPW,115200
2026-10-02T23:27:19.317Z,383987,0x0E,Timing advance,5.0,°,SAE J1850 VPW,115200
2026-10-02T23:27:19.476Z,384146,0x14,"O2 sensor, bank 1 sensor 1",0.08,V,SAE J1850 VPW,115200
2026-10-02T23:27:19.621Z,384291,0x15,"O2 sensor, bank 1 sensor 2",0.08,V,SAE J1850 VPW,115200
2026-10-02T23:27:19.814Z,384484,0x0C,Engine RPM,898,rpm,SAE J1850 VPW,115200
2026-10-02T23:27:19.989Z,384659,0x0D,Speed,8,mph,SAE J1850 VPW,115200
2026-10-02T23:27:20.137Z,384807,0x11,Throttle,16,%,SAE J1850 VPW,115200
2026-10-02T23:27:20.279Z,384949,0x04,Engine load,6,%,SAE J1850 VPW,115200
2026-10-02T23:27:20.438Z,385108,0x06,Short-term fuel trim,1.6,%,SAE J1850 VPW,115200
2026-10-02T23:27:20.596Z,385266,0x0B,Intake manifold pressure,45,kPa,SAE J1850 VPW,115200
2026-10-02T23:27:20.741Z,385411,0x0E,Timing advance,8.0,°,SAE J1850 VPW,115200
2026-10-02T23:27:20.886Z,385556,0x14,"O2 sensor, bank 1 sensor 1",0.39,V,SAE J1850 VPW,115200
2026-10-02T23:27:21.029Z,385699,0x15,"O2 sensor, bank 1 sensor 2",0.61,V,SAE J1850 VPW,115200
2026-10-02T23:27:21.236Z,385906,0x0C,Engine RPM,885,rpm,SAE J1850 VPW,115200
2026-10-02T23:27:21.387Z,386057,0x0D,Speed,6,mph,SAE J1850 VPW,115200
2026-10-02T23:27:21.531Z,386201,0x11,Throttle,16,%,SAE J1850 VPW,115200
2026-10-02T23:27:21.670Z,386340,0x04,Engine load,6,%,SAE J1850 VPW,115200
2026-10-02T23:27:21.799Z,386469,0x06,Short-term fuel trim,-0.8,%,SAE J1850 VPW,115200
2026-10-02T23:27:21.944Z,386614,0x0B,Intake manifold pressure,43,kPa,SAE J1850 VPW,115200
2026-10-02T23:27:22.101Z,386771,0x0E,Timing advance,14.5,°,SAE J1850 VPW,115200
2026-10-02T23:27:22.245Z,386915,0x14,"O2 sensor, bank 1 sensor 1",0.26,V,SAE J1850 VPW,115200
2026-10-02T23:27:22.388Z,387058,0x15,"O2 sensor, bank 1 sensor 2",0.28,V,SAE J1850 VPW,115200
2026-10-02T23:27:22.598Z,387268,0x0C,Engine RPM,887,rpm,SAE J1850 VPW,115200
2026-10-02T23:27:22.759Z,387429,0x0D,Speed,4,mph,SAE J1850 VPW,115200
2026-10-02T23:27:22.900Z,387570,0x11,Throttle,16,%,SAE J1850 VPW,115200
2026-10-02T23:27:23.045Z,387715,0x04,Engine load,6,%,SAE J1850 VPW,115200
2026-10-02T23:27:23.173Z,387843,0x06,Short-term fuel trim,3.1,%,SAE J1850 VPW,115200
2026-10-02T23:27:23.317Z,387987,0x07,Long-term fuel trim,15.6,%,SAE J1850 VPW,115200
2026-10-02T23:27:23.466Z,388136,0x05,Coolant temp,190,°F,SAE J1850 VPW,115200
2026-10-02T23:27:23.606Z,388276,0x0B,Intake manifold pressure,49,kPa,SAE J1850 VPW,115200
2026-10-02T23:27:23.749Z,388419,0x0E,Timing advance,22.0,°,SAE J1850 VPW,115200
2026-10-02T23:27:23.898Z,388568,0x14,"O2 sensor, bank 1 sensor 1",0.86,V,SAE J1850 VPW,115200
2026-10-02T23:27:24.053Z,388723,0x15,"O2 sensor, bank 1 sensor 2",0.90,V,SAE J1850 VPW,115200
2026-10-02T23:27:24.199Z,388869,0x03,Fuel system,Closed loop,,SAE J1850 VPW,115200
2026-10-02T23:27:24.214Z,388884,ATRV,Battery,13.4,V,SAE J1850 VPW,115200
2026-10-02T23:27:24.406Z,389076,0x0C,Engine RPM,1217,rpm,SAE J1850 VPW,115200
2026-10-02T23:27:24.565Z,389235,0x0D,Speed,4,mph,SAE J1850 VPW,115200
2026-10-02T23:27:24.712Z,389382,0x11,Throttle,18,%,SAE J1850 VPW,115200
2026-10-02T23:27:24.885Z,389555,0x04,Engine load,9,%,SAE J1850 VPW,115200
2026-10-02T23:27:25.047Z,389717,0x06,Short-term fuel trim,-6.3,%,SAE J1850 VPW,115200
2026-10-02T23:27:25.189Z,389859,0x0B,Intake manifold pressure,43,kPa,SAE J1850 VPW,115200
2026-10-02T23:27:25.337Z,390007,0x0E,Timing advance,29.0,°,SAE J1850 VPW,115200
2026-10-02T23:27:25.514Z,390184,0x14,"O2 sensor, bank 1 sensor 1",0.69,V,SAE J1850 VPW,115200
2026-10-02T23:27:25.653Z,390323,0x15,"O2 sensor, bank 1 sensor 2",0.67,V,SAE J1850 VPW,115200
2026-10-02T23:27:25.847Z,390517,0x0C,Engine RPM,1247,rpm,SAE J1850 VPW,115200
2026-10-02T23:27:26.005Z,390675,0x0D,Speed,6,mph,SAE J1850 VPW,115200
2026-10-02T23:27:26.149Z,390819,0x11,Throttle,18,%,SAE J1850 VPW,115200
2026-10-02T23:27:26.294Z,390964,0x04,Engine load,9,%,SAE J1850 VPW,115200
2026-10-02T23:27:26.469Z,391139,0x06,Short-term fuel trim,-7.0,%,SAE J1850 VPW,115200
2026-10-02T23:27:26.630Z,391300,0x0B,Intake manifold pressure,38,kPa,SAE J1850 VPW,115200
2026-10-02T23:27:26.774Z,391444,0x0E,Timing advance,9.0,°,SAE J1850 VPW,115200
2026-10-02T23:27:26.917Z,391587,0x14,"O2 sensor, bank 1 sensor 1",0.15,V,SAE J1850 VPW,115200
2026-10-02T23:27:27.069Z,391739,0x15,"O2 sensor, bank 1 sensor 2",0.20,V,SAE J1850 VPW,115200
2026-10-02T23:27:27.269Z,391939,0x0C,Engine RPM,1023,rpm,SAE J1850 VPW,115200
2026-10-02T23:27:27.429Z,392099,0x0D,Speed,6,mph,SAE J1850 VPW,115200
2026-10-02T23:27:27.589Z,392259,0x11,Throttle,16,%,SAE J1850 VPW,115200
2026-10-02T23:27:27.749Z,392419,0x04,Engine load,6,%,SAE J1850 VPW,115200
2026-10-02T23:27:27.896Z,392566,0x06,Short-term fuel trim,-7.8,%,SAE J1850 VPW,115200
2026-10-02T23:27:28.053Z,392723,0x0B,Intake manifold pressure,38,kPa,SAE J1850 VPW,115200
2026-10-02T23:27:28.197Z,392867,0x0E,Timing advance,6.5,°,SAE J1850 VPW,115200
2026-10-02T23:27:28.358Z,393028,0x14,"O2 sensor, bank 1 sensor 1",0.72,V,SAE J1850 VPW,115200
2026-10-02T23:27:28.501Z,393171,0x15,"O2 sensor, bank 1 sensor 2",0.81,V,SAE J1850 VPW,115200
2026-10-02T23:27:28.698Z,393368,0x0C,Engine RPM,915,rpm,SAE J1850 VPW,115200
2026-10-02T23:27:28.837Z,393507,0x0D,Speed,6,mph,SAE J1850 VPW,115200
2026-10-02T23:27:29.013Z,393683,0x11,Throttle,16,%,SAE J1850 VPW,115200
2026-10-02T23:27:29.159Z,393829,0x04,Engine load,6,%,SAE J1850 VPW,115200
2026-10-02T23:27:29.318Z,393988,0x06,Short-term fuel trim,-3.1,%,SAE J1850 VPW,115200
2026-10-02T23:27:29.499Z,394169,0x0B,Intake manifold pressure,44,kPa,SAE J1850 VPW,115200
2026-10-02T23:27:29.637Z,394307,0x0E,Timing advance,3.0,°,SAE J1850 VPW,115200
2026-10-02T23:27:29.782Z,394452,0x14,"O2 sensor, bank 1 sensor 1",0.84,V,SAE J1850 VPW,115200
2026-10-02T23:27:29.942Z,394612,0x15,"O2 sensor, bank 1 sensor 2",0.88,V,SAE J1850 VPW,115200
2026-10-02T23:27:30.151Z,394821,0x0C,Engine RPM,947,rpm,SAE J1850 VPW,115200
2026-10-02T23:27:30.313Z,394983,0x0D,Speed,6,mph,SAE J1850 VPW,115200
2026-10-02T23:27:30.485Z,395155,0x11,Throttle,17,%,SAE J1850 VPW,115200
2026-10-02T23:27:30.632Z,395302,0x04,Engine load,5,%,SAE J1850 VPW,115200
2026-10-02T23:27:30.773Z,395443,0x06,Short-term fuel trim,-1.6,%,SAE J1850 VPW,115200
2026-10-02T23:27:30.919Z,395589,0x07,Long-term fuel trim,8.6,%,SAE J1850 VPW,115200
2026-10-02T23:27:31.064Z,395734,0x05,Coolant temp,190,°F,SAE J1850 VPW,115200
2026-10-02T23:27:31.205Z,395875,0x0B,Intake manifold pressure,48,kPa,SAE J1850 VPW,115200
2026-10-02T23:27:31.365Z,396035,0x0E,Timing advance,19.0,°,SAE J1850 VPW,115200
2026-10-02T23:27:31.531Z,396201,0x14,"O2 sensor, bank 1 sensor 1",0.84,V,SAE J1850 VPW,115200
2026-10-02T23:27:31.670Z,396340,0x15,"O2 sensor, bank 1 sensor 2",0.88,V,SAE J1850 VPW,115200
2026-10-02T23:27:31.815Z,396485,0x03,Fuel system,Closed loop,,SAE J1850 VPW,115200
2026-10-02T23:27:31.833Z,396503,ATRV,Battery,13.4,V,SAE J1850 VPW,115200
2026-10-02T23:27:32.022Z,396692,0x0C,Engine RPM,1347,rpm,SAE J1850 VPW,115200
2026-10-02T23:27:32.181Z,396851,0x0D,Speed,6,mph,SAE J1850 VPW,115200
2026-10-02T23:27:32.326Z,396996,0x11,Throttle,16,%,SAE J1850 VPW,115200
2026-10-02T23:27:32.485Z,397155,0x04,Engine load,7,%,SAE J1850 VPW,115200
2026-10-02T23:27:32.645Z,397315,0x06,Short-term fuel trim,-2.3,%,SAE J1850 VPW,115200
2026-10-02T23:27:32.805Z,397475,0x0B,Intake manifold pressure,41,kPa,SAE J1850 VPW,115200
2026-10-02T23:27:32.934Z,397604,0x0E,Timing advance,2.5,°,SAE J1850 VPW,115200
2026-10-02T23:27:33.111Z,397781,0x14,"O2 sensor, bank 1 sensor 1",0.74,V,SAE J1850 VPW,115200
2026-10-02T23:27:33.238Z,397908,0x15,"O2 sensor, bank 1 sensor 2",0.82,V,SAE J1850 VPW,115200
2026-10-02T23:27:33.432Z,398102,0x0C,Engine RPM,1126,rpm,SAE J1850 VPW,115200
2026-10-02T23:27:33.589Z,398259,0x0D,Speed,6,mph,SAE J1850 VPW,115200
2026-10-02T23:27:33.733Z,398403,0x11,Throttle,18,%,SAE J1850 VPW,115200
2026-10-02T23:27:33.867Z,398537,0x04,Engine load,8,%,SAE J1850 VPW,115200
2026-10-02T23:27:34.022Z,398692,0x06,Short-term fuel trim,-3.9,%,SAE J1850 VPW,115200
2026-10-02T23:27:34.165Z,398835,0x0B,Intake manifold pressure,42,kPa,SAE J1850 VPW,115200
2026-10-02T23:27:34.298Z,398968,0x0E,Timing advance,28.0,°,SAE J1850 VPW,115200
2026-10-02T23:27:34.453Z,399123,0x14,"O2 sensor, bank 1 sensor 1",0.72,V,SAE J1850 VPW,115200
2026-10-02T23:27:34.598Z,399268,0x15,"O2 sensor, bank 1 sensor 2",0.74,V,SAE J1850 VPW,115200
2026-10-02T23:27:34.790Z,399460,0x0C,Engine RPM,1214,rpm,SAE J1850 VPW,115200
2026-10-02T23:27:34.918Z,399588,0x0D,Speed,6,mph,SAE J1850 VPW,115200
2026-10-02T23:27:35.047Z,399717,0x11,Throttle,18,%,SAE J1850 VPW,115200
2026-10-02T23:27:35.189Z,399859,0x04,Engine load,8,%,SAE J1850 VPW,115200
2026-10-02T23:27:35.335Z,400005,0x06,Short-term fuel trim,-7.0,%,SAE J1850 VPW,115200
2026-10-02T23:27:35.485Z,400155,0x0B,Intake manifold pressure,38,kPa,SAE J1850 VPW,115200
2026-10-02T23:27:35.638Z,400308,0x0E,Timing advance,11.5,°,SAE J1850 VPW,115200
2026-10-02T23:27:35.783Z,400453,0x14,"O2 sensor, bank 1 sensor 1",0.39,V,SAE J1850 VPW,115200
2026-10-02T23:27:35.944Z,400614,0x15,"O2 sensor, bank 1 sensor 2",0.29,V,SAE J1850 VPW,115200
2026-10-02T23:27:36.150Z,400820,0x0C,Engine RPM,994,rpm,SAE J1850 VPW,115200
2026-10-02T23:27:36.294Z,400964,0x0D,Speed,6,mph,SAE J1850 VPW,115200
2026-10-02T23:27:36.485Z,401155,0x11,Throttle,16,%,SAE J1850 VPW,115200
2026-10-02T23:27:36.633Z,401303,0x04,Engine load,6,%,SAE J1850 VPW,115200
2026-10-02T23:27:36.774Z,401444,0x06,Short-term fuel trim,-3.9,%,SAE J1850 VPW,115200
2026-10-02T23:27:36.935Z,401605,0x0B,Intake manifold pressure,39,kPa,SAE J1850 VPW,115200
2026-10-02T23:27:37.082Z,401752,0x0E,Timing advance,5.5,°,SAE J1850 VPW,115200
2026-10-02T23:27:37.222Z,401892,0x14,"O2 sensor, bank 1 sensor 1",0.10,V,SAE J1850 VPW,115200
2026-10-02T23:27:37.385Z,402055,0x15,"O2 sensor, bank 1 sensor 2",0.10,V,SAE J1850 VPW,115200
2026-10-02T23:27:37.574Z,402244,0x0C,Engine RPM,888,rpm,SAE J1850 VPW,115200
2026-10-02T23:27:37.718Z,402388,0x0D,Speed,5,mph,SAE J1850 VPW,115200
2026-10-02T23:27:37.861Z,402531,0x11,Throttle,17,%,SAE J1850 VPW,115200
2026-10-02T23:27:38.005Z,402675,0x04,Engine load,6,%,SAE J1850 VPW,115200
2026-10-02T23:27:38.149Z,402819,0x06,Short-term fuel trim,0.0,%,SAE J1850 VPW,115200
2026-10-02T23:27:38.298Z,402968,0x07,Long-term fuel trim,14.8,%,SAE J1850 VPW,115200
2026-10-02T23:27:38.437Z,403107,0x05,Coolant temp,190,°F,SAE J1850 VPW,115200
2026-10-02T23:27:38.601Z,403271,0x0B,Intake manifold pressure,46,kPa,SAE J1850 VPW,115200
2026-10-02T23:27:38.743Z,403413,0x0E,Timing advance,29.5,°,SAE J1850 VPW,115200
2026-10-02T23:27:38.902Z,403572,0x14,"O2 sensor, bank 1 sensor 1",0.77,V,SAE J1850 VPW,115200
2026-10-02T23:27:39.051Z,403721,0x15,"O2 sensor, bank 1 sensor 2",0.82,V,SAE J1850 VPW,115200
2026-10-02T23:27:39.189Z,403859,0x03,Fuel system,Closed loop,,SAE J1850 VPW,115200
2026-10-02T23:27:39.206Z,403876,ATRV,Battery,13.1,V,SAE J1850 VPW,115200
2026-10-02T23:27:39.398Z,404068,0x0C,Engine RPM,1089,rpm,SAE J1850 VPW,115200
2026-10-02T23:27:39.542Z,404212,0x0D,Speed,6,mph,SAE J1850 VPW,115200
2026-10-02T23:27:39.669Z,404339,0x11,Throttle,16,%,SAE J1850 VPW,115200
2026-10-02T23:27:39.797Z,404467,0x04,Engine load,7,%,SAE J1850 VPW,115200
2026-10-02T23:27:39.945Z,404615,0x06,Short-term fuel trim,-1.6,%,SAE J1850 VPW,115200
2026-10-02T23:27:40.086Z,404756,0x0B,Intake manifold pressure,39,kPa,SAE J1850 VPW,115200
2026-10-02T23:27:40.231Z,404901,0x0E,Timing advance,2.5,°,SAE J1850 VPW,115200
2026-10-02T23:27:40.390Z,405060,0x14,"O2 sensor, bank 1 sensor 1",0.69,V,SAE J1850 VPW,115200
2026-10-02T23:27:40.541Z,405211,0x15,"O2 sensor, bank 1 sensor 2",0.79,V,SAE J1850 VPW,115200
2026-10-02T23:27:40.726Z,405396,0x0C,Engine RPM,974,rpm,SAE J1850 VPW,115200
2026-10-02T23:27:40.854Z,405524,0x0D,Speed,6,mph,SAE J1850 VPW,115200
2026-10-02T23:27:40.997Z,405667,0x11,Throttle,16,%,SAE J1850 VPW,115200
2026-10-02T23:27:41.142Z,405812,0x04,Engine load,6,%,SAE J1850 VPW,115200
2026-10-02T23:27:41.285Z,405955,0x06,Short-term fuel trim,-4.7,%,SAE J1850 VPW,115200
2026-10-02T23:27:41.450Z,406120,0x0B,Intake manifold pressure,41,kPa,SAE J1850 VPW,115200
2026-10-02T23:27:41.606Z,406276,0x0E,Timing advance,5.0,°,SAE J1850 VPW,115200
2026-10-02T23:27:41.734Z,406404,0x14,"O2 sensor, bank 1 sensor 1",0.08,V,SAE J1850 VPW,115200
2026-10-02T23:27:41.893Z,406563,0x15,"O2 sensor, bank 1 sensor 2",0.10,V,SAE J1850 VPW,115200
2026-10-02T23:27:42.086Z,406756,0x0C,Engine RPM,851,rpm,SAE J1850 VPW,115200
2026-10-02T23:27:42.230Z,406900,0x0D,Speed,4,mph,SAE J1850 VPW,115200
2026-10-02T23:27:42.357Z,407027,0x11,Throttle,16,%,SAE J1850 VPW,115200
2026-10-02T23:27:42.501Z,407171,0x04,Engine load,5,%,SAE J1850 VPW,115200
2026-10-02T23:27:42.649Z,407319,0x06,Short-term fuel trim,0.8,%,SAE J1850 VPW,115200
2026-10-02T23:27:42.790Z,407460,0x0B,Intake manifold pressure,43,kPa,SAE J1850 VPW,115200
2026-10-02T23:27:42.950Z,407620,0x0E,Timing advance,13.0,°,SAE J1850 VPW,115200
2026-10-02T23:27:43.113Z,407783,0x14,"O2 sensor, bank 1 sensor 1",0.39,V,SAE J1850 VPW,115200
2026-10-02T23:27:43.253Z,407923,0x15,"O2 sensor, bank 1 sensor 2",0.17,V,SAE J1850 VPW,115200
2026-10-02T23:27:43.449Z,408119,0x0C,Engine RPM,841,rpm,SAE J1850 VPW,115200
2026-10-02T23:27:43.590Z,408260,0x0D,Speed,4,mph,SAE J1850 VPW,115200
2026-10-02T23:27:43.733Z,408403,0x11,Throttle,16,%,SAE J1850 VPW,115200
2026-10-02T23:27:43.877Z,408547,0x04,Engine load,5,%,SAE J1850 VPW,115200
2026-10-02T23:27:44.005Z,408675,0x06,Short-term fuel trim,-2.3,%,SAE J1850 VPW,115200
2026-10-02T23:27:44.150Z,408820,0x0B,Intake manifold pressure,41,kPa,SAE J1850 VPW,115200
2026-10-02T23:27:44.297Z,408967,0x0E,Timing advance,7.5,°,SAE J1850 VPW,115200
2026-10-02T23:27:44.469Z,409139,0x14,"O2 sensor, bank 1 sensor 1",0.81,V,SAE J1850 VPW,115200
2026-10-02T23:27:44.613Z,409283,0x15,"O2 sensor, bank 1 sensor 2",0.82,V,SAE J1850 VPW,115200
2026-10-02T23:27:44.822Z,409492,0x0C,Engine RPM,798,rpm,SAE J1850 VPW,115200
2026-10-02T23:27:44.981Z,409651,0x0D,Speed,4,mph,SAE J1850 VPW,115200
2026-10-02T23:27:45.113Z,409783,0x11,Throttle,16,%,SAE J1850 VPW,115200
2026-10-02T23:27:45.239Z,409909,0x04,Engine load,5,%,SAE J1850 VPW,115200
2026-10-02T23:27:45.368Z,410038,0x06,Short-term fuel trim,-3.1,%,SAE J1850 VPW,115200
2026-10-02T23:27:45.526Z,410196,0x07,Long-term fuel trim,7.8,%,SAE J1850 VPW,115200
2026-10-02T23:27:45.669Z,410339,0x05,Coolant temp,192,°F,SAE J1850 VPW,115200
2026-10-02T23:27:45.818Z,410488,0x0B,Intake manifold pressure,43,kPa,SAE J1850 VPW,115200
2026-10-02T23:27:45.974Z,410644,0x0E,Timing advance,13.5,°,SAE J1850 VPW,115200
2026-10-02T23:27:46.118Z,410788,0x14,"O2 sensor, bank 1 sensor 1",0.69,V,SAE J1850 VPW,115200
2026-10-02T23:27:46.270Z,410940,0x15,"O2 sensor, bank 1 sensor 2",0.39,V,SAE J1850 VPW,115200
2026-10-02T23:27:46.405Z,411075,0x03,Fuel system,Closed loop,,SAE J1850 VPW,115200
2026-10-02T23:27:46.422Z,411092,ATRV,Battery,13.2,V,SAE J1850 VPW,115200
2026-10-02T23:27:46.633Z,411303,0x0C,Engine RPM,785,rpm,SAE J1850 VPW,115200
2026-10-02T23:27:46.773Z,411443,0x0D,Speed,3,mph,SAE J1850 VPW,115200
2026-10-02T23:27:46.917Z,411587,0x11,Throttle,16,%,SAE J1850 VPW,115200
2026-10-02T23:27:47.046Z,411716,0x04,Engine load,5,%,SAE J1850 VPW,115200
2026-10-02T23:27:47.173Z,411843,0x06,Short-term fuel trim,-3.9,%,SAE J1850 VPW,115200
2026-10-02T23:27:47.319Z,411989,0x0B,Intake manifold pressure,42,kPa,SAE J1850 VPW,115200
2026-10-02T23:27:47.480Z,412150,0x0E,Timing advance,18.5,°,SAE J1850 VPW,115200
2026-10-02T23:27:47.622Z,412292,0x14,"O2 sensor, bank 1 sensor 1",0.74,V,SAE J1850 VPW,115200
2026-10-02T23:27:47.768Z,412438,0x15,"O2 sensor, bank 1 sensor 2",0.79,V,SAE J1850 VPW,115200
2026-10-02T23:27:47.974Z,412644,0x0C,Engine RPM,755,rpm,SAE J1850 VPW,115200
2026-10-02T23:27:48.150Z,412820,0x0D,Speed,1,mph,SAE J1850 VPW,115200
2026-10-02T23:27:48.313Z,412983,0x11,Throttle,16,%,SAE J1850 VPW,115200
2026-10-02T23:27:48.454Z,413124,0x04,Engine load,5,%,SAE J1850 VPW,115200
2026-10-02T23:27:48.602Z,413272,0x06,Short-term fuel trim,-3.9,%,SAE J1850 VPW,115200
2026-10-02T23:27:48.758Z,413428,0x0B,Intake manifold pressure,42,kPa,SAE J1850 VPW,115200
2026-10-02T23:27:48.886Z,413556,0x0E,Timing advance,11.0,°,SAE J1850 VPW,115200
2026-10-02T23:27:49.031Z,413701,0x14,"O2 sensor, bank 1 sensor 1",0.15,V,SAE J1850 VPW,115200
2026-10-02T23:27:49.190Z,413860,0x15,"O2 sensor, bank 1 sensor 2",0.20,V,SAE J1850 VPW,115200
2026-10-02T23:27:49.383Z,414053,0x0C,Engine RPM,761,rpm,SAE J1850 VPW,115200
2026-10-02T23:27:49.526Z,414196,0x0D,Speed,0,mph,SAE J1850 VPW,115200
2026-10-02T23:27:49.670Z,414340,0x11,Throttle,16,%,SAE J1850 VPW,115200
2026-10-02T23:27:49.830Z,414500,0x04,Engine load,5,%,SAE J1850 VPW,115200
2026-10-02T23:27:49.974Z,414644,0x06,Short-term fuel trim,-3.9,%,SAE J1850 VPW,115200
2026-10-02T23:27:50.150Z,414820,0x0B,Intake manifold pressure,42,kPa,SAE J1850 VPW,115200
2026-10-02T23:27:50.297Z,414967,0x0E,Timing advance,18.0,°,SAE J1850 VPW,115200
2026-10-02T23:27:50.454Z,415124,0x14,"O2 sensor, bank 1 sensor 1",0.70,V,SAE J1850 VPW,115200
2026-10-02T23:27:50.632Z,415302,0x15,"O2 sensor, bank 1 sensor 2",0.67,V,SAE J1850 VPW,115200
2026-10-02T23:27:50.837Z,415507,0x0C,Engine RPM,762,rpm,SAE J1850 VPW,115200
2026-10-02T23:27:50.981Z,415651,0x0D,Speed,1,mph,SAE J1850 VPW,115200
2026-10-02T23:27:51.116Z,415786,0x11,Throttle,16,%,SAE J1850 VPW,115200
2026-10-02T23:27:51.253Z,415923,0x04,Engine load,5,%,SAE J1850 VPW,115200
2026-10-02T23:27:51.397Z,416067,0x06,Short-term fuel trim,-3.1,%,SAE J1850 VPW,115200
2026-10-02T23:27:51.541Z,416211,0x0B,Intake manifold pressure,42,kPa,SAE J1850 VPW,115200
2026-10-02T23:27:51.686Z,416356,0x0E,Timing advance,16.0,°,SAE J1850 VPW,115200
2026-10-02T23:27:51.831Z,416501,0x14,"O2 sensor, bank 1 sensor 1",0.20,V,SAE J1850 VPW,115200
2026-10-02T23:27:51.974Z,416644,0x15,"O2 sensor, bank 1 sensor 2",0.17,V,SAE J1850 VPW,115200
2026-10-02T23:27:52.167Z,416837,0x0C,Engine RPM,757,rpm,SAE J1850 VPW,115200
2026-10-02T23:27:52.312Z,416982,0x0D,Speed,1,mph,SAE J1850 VPW,115200
2026-10-02T23:27:52.454Z,417124,0x11,Throttle,16,%,SAE J1850 VPW,115200
2026-10-02T23:27:52.598Z,417268,0x04,Engine load,5,%,SAE J1850 VPW,115200
2026-10-02T23:27:52.742Z,417412,0x06,Short-term fuel trim,-0.8,%,SAE J1850 VPW,115200
2026-10-02T23:27:52.886Z,417556,0x07,Long-term fuel trim,6.3,%,SAE J1850 VPW,115200
2026-10-02T23:27:53.035Z,417705,0x05,Coolant temp,194,°F,SAE J1850 VPW,115200
2026-10-02T23:27:53.190Z,417860,0x0B,Intake manifold pressure,42,kPa,SAE J1850 VPW,115200
2026-10-02T23:27:53.334Z,418004,0x0E,Timing advance,15.0,°,SAE J1850 VPW,115200
2026-10-02T23:27:53.486Z,418156,0x14,"O2 sensor, bank 1 sensor 1",0.72,V,SAE J1850 VPW,115200
2026-10-02T23:27:53.638Z,418308,0x15,"O2 sensor, bank 1 sensor 2",0.59,V,SAE J1850 VPW,115200
2026-10-02T23:27:53.798Z,418468,0x03,Fuel system,Closed loop,,SAE J1850 VPW,115200
2026-10-02T23:27:53.815Z,418485,ATRV,Battery,13.3,V,SAE J1850 VPW,115200
2026-10-02T23:27:54.006Z,418676,0x0C,Engine RPM,752,rpm,SAE J1850 VPW,115200
2026-10-02T23:27:54.151Z,418821,0x0D,Speed,1,mph,SAE J1850 VPW,115200
2026-10-02T23:27:54.294Z,418964,0x11,Throttle,16,%,SAE J1850 VPW,115200
2026-10-02T23:27:54.422Z,419092,0x04,Engine load,5,%,SAE J1850 VPW,115200
2026-10-02T23:27:54.566Z,419236,0x06,Short-term fuel trim,-2.3,%,SAE J1850 VPW,115200
2026-10-02T23:27:54.699Z,419369,0x0B,Intake manifold pressure,42,kPa,SAE J1850 VPW,115200
2026-10-02T23:27:54.838Z,419508,0x0E,Timing advance,15.5,°,SAE J1850 VPW,115200
2026-10-02T23:27:55.004Z,419674,0x14,"O2 sensor, bank 1 sensor 1",0.15,V,SAE J1850 VPW,115200
2026-10-02T23:27:55.158Z,419828,0x15,"O2 sensor, bank 1 sensor 2",0.14,V,SAE J1850 VPW,115200
2026-10-02T23:27:55.351Z,420021,0x0C,Engine RPM,757,rpm,SAE J1850 VPW,115200
2026-10-02T23:27:55.513Z,420183,0x0D,Speed,1,mph,SAE J1850 VPW,115200
2026-10-02T23:27:55.654Z,420324,0x11,Throttle,16,%,SAE J1850 VPW,115200
2026-10-02T23:27:55.801Z,420471,0x04,Engine load,5,%,SAE J1850 VPW,115200
2026-10-02T23:27:55.974Z,420644,0x06,Short-term fuel trim,-2.3,%,SAE J1850 VPW,115200
2026-10-02T23:27:56.118Z,420788,0x0B,Intake manifold pressure,42,kPa,SAE J1850 VPW,115200
2026-10-02T23:27:56.263Z,420933,0x0E,Timing advance,19.0,°,SAE J1850 VPW,115200
2026-10-02T23:27:56.407Z,421077,0x14,"O2 sensor, bank 1 sensor 1",0.15,V,SAE J1850 VPW,115200
2026-10-02T23:27:56.583Z,421253,0x15,"O2 sensor, bank 1 sensor 2",0.12,V,SAE J1850 VPW,115200
2026-10-02T23:27:56.790Z,421460,0x0C,Engine RPM,754,rpm,SAE J1850 VPW,115200
2026-10-02T23:27:56.918Z,421588,0x0D,Speed,1,mph,SAE J1850 VPW,115200
2026-10-02T23:27:57.049Z,421719,0x11,Throttle,16,%,SAE J1850 VPW,115200
2026-10-02T23:27:57.206Z,421876,0x04,Engine load,5,%,SAE J1850 VPW,115200
2026-10-02T23:27:57.352Z,422022,0x06,Short-term fuel trim,1.6,%,SAE J1850 VPW,115200
2026-10-02T23:27:57.528Z,422198,0x0B,Intake manifold pressure,41,kPa,SAE J1850 VPW,115200
2026-10-02T23:27:57.670Z,422340,0x0E,Timing advance,15.0,°,SAE J1850 VPW,115200
2026-10-02T23:27:57.799Z,422469,0x14,"O2 sensor, bank 1 sensor 1",0.63,V,SAE J1850 VPW,115200
2026-10-02T23:27:57.975Z,422645,0x15,"O2 sensor, bank 1 sensor 2",0.45,V,SAE J1850 VPW,115200
2026-10-02T23:27:58.169Z,422839,0x0C,Engine RPM,810,rpm,SAE J1850 VPW,115200
2026-10-02T23:27:58.310Z,422980,0x0D,Speed,0,mph,SAE J1850 VPW,115200
2026-10-02T23:27:58.469Z,423139,0x11,Throttle,16,%,SAE J1850 VPW,115200
2026-10-02T23:27:58.631Z,423301,0x04,Engine load,8,%,SAE J1850 VPW,115200
2026-10-02T23:27:58.774Z,423444,0x06,Short-term fuel trim,-3.1,%,SAE J1850 VPW,115200
2026-10-02T23:27:58.918Z,423588,0x0B,Intake manifold pressure,35,kPa,SAE J1850 VPW,115200
2026-10-02T23:27:59.064Z,423734,0x0E,Timing advance,9.0,°,SAE J1850 VPW,115200
2026-10-02T23:27:59.206Z,423876,0x14,"O2 sensor, bank 1 sensor 1",0.84,V,SAE J1850 VPW,115200
2026-10-02T23:27:59.366Z,424036,0x15,"O2 sensor, bank 1 sensor 2",0.88,V,SAE J1850 VPW,115200
2026-10-02T23:27:59.590Z,424260,0x0C,Engine RPM,776,rpm,SAE J1850 VPW,115200
2026-10-02T23:27:59.734Z,424404,0x0D,Speed,0,mph,SAE J1850 VPW,115200
2026-10-02T23:27:59.884Z,424554,0x11,Throttle,16,%,SAE J1850 VPW,115200
2026-10-02T23:28:00.022Z,424692,0x04,Engine load,7,%,SAE J1850 VPW,115200
2026-10-02T23:28:00.169Z,424839,0x06,Short-term fuel trim,-5.5,%,SAE J1850 VPW,115200
2026-10-02T23:28:00.327Z,424997,0x07,Long-term fuel trim,14.8,%,SAE J1850 VPW,115200
2026-10-02T23:28:00.506Z,425176,0x05,Coolant temp,196,°F,SAE J1850 VPW,115200
2026-10-02T23:28:00.636Z,425306,0x0B,Intake manifold pressure,35,kPa,SAE J1850 VPW,115200
2026-10-02T23:28:00.774Z,425444,0x0E,Timing advance,16.0,°,SAE J1850 VPW,115200
2026-10-02T23:28:00.918Z,425588,0x14,"O2 sensor, bank 1 sensor 1",0.82,V,SAE J1850 VPW,115200
2026-10-02T23:28:01.051Z,425721,0x15,"O2 sensor, bank 1 sensor 2",0.84,V,SAE J1850 VPW,115200
2026-10-02T23:28:01.206Z,425876,0x03,Fuel system,Closed loop,,SAE J1850 VPW,115200
2026-10-02T23:28:01.222Z,425892,ATRV,Battery,13.3,V,SAE J1850 VPW,115200
2026-10-02T23:28:01.415Z,426085,0x0C,Engine RPM,737,rpm,SAE J1850 VPW,115200
2026-10-02T23:28:01.558Z,426228,0x0D,Speed,0,mph,SAE J1850 VPW,115200
2026-10-02T23:28:01.702Z,426372,0x11,Throttle,16,%,SAE J1850 VPW,115200
2026-10-02T23:28:01.846Z,426516,0x04,Engine load,7,%,SAE J1850 VPW,115200
2026-10-02T23:28:02.006Z,426676,0x06,Short-term fuel trim,-7.0,%,SAE J1850 VPW,115200
2026-10-02T23:28:02.133Z,426803,0x0B,Intake manifold pressure,36,kPa,SAE J1850 VPW,115200
2026-10-02T23:28:02.286Z,426956,0x0E,Timing advance,8.5,°,SAE J1850 VPW,115200
2026-10-02T23:28:02.438Z,427108,0x14,"O2 sensor, bank 1 sensor 1",0.61,V,SAE J1850 VPW,115200
2026-10-02T23:28:02.601Z,427271,0x15,"O2 sensor, bank 1 sensor 2",0.69,V,SAE J1850 VPW,115200
2026-10-02T23:28:02.790Z,427460,0x0C,Engine RPM,754,rpm,SAE J1850 VPW,115200
2026-10-02T23:28:02.933Z,427603,0x0D,Speed,0,mph,SAE J1850 VPW,115200
2026-10-02T23:28:03.081Z,427751,0x11,Throttle,16,%,SAE J1850 VPW,115200
2026-10-02T23:28:03.222Z,427892,0x04,Engine load,7,%,SAE J1850 VPW,115200
2026-10-02T23:28:03.370Z,428040,0x06,Short-term fuel trim,-7.0,%,SAE J1850 VPW,115200
2026-10-02T23:28:03.511Z,428181,0x0B,Intake manifold pressure,37,kPa,SAE J1850 VPW,115200
2026-10-02T23:28:03.638Z,428308,0x0E,Timing advance,16.0,°,SAE J1850 VPW,115200
2026-10-02T23:28:03.784Z,428454,0x14,"O2 sensor, bank 1 sensor 1",0.28,V,SAE J1850 VPW,115200
2026-10-02T23:28:03.927Z,428597,0x15,"O2 sensor, bank 1 sensor 2",0.23,V,SAE J1850 VPW,115200
2026-10-02T23:28:04.118Z,428788,0x0C,Engine RPM,749,rpm,SAE J1850 VPW,115200
2026-10-02T23:28:04.263Z,428933,0x0D,Speed,0,mph,SAE J1850 VPW,115200
2026-10-02T23:28:04.406Z,429076,0x11,Throttle,16,%,SAE J1850 VPW,115200
2026-10-02T23:28:04.551Z,429221,0x04,Engine load,7,%,SAE J1850 VPW,115200
2026-10-02T23:28:04.726Z,429396,0x06,Short-term fuel trim,-3.1,%,SAE J1850 VPW,115200
2026-10-02T23:28:04.856Z,429526,0x0B,Intake manifold pressure,37,kPa,SAE J1850 VPW,115200
2026-10-02T23:28:05.000Z,429670,0x0E,Timing advance,11.5,°,SAE J1850 VPW,115200
2026-10-02T23:28:05.143Z,429813,0x14,"O2 sensor, bank 1 sensor 1",0.69,V,SAE J1850 VPW,115200
2026-10-02T23:28:05.286Z,429956,0x15,"O2 sensor, bank 1 sensor 2",0.38,V,SAE J1850 VPW,115200
2026-10-02T23:28:05.482Z,430152,0x0C,Engine RPM,754,rpm,SAE J1850 VPW,115200
2026-10-02T23:28:05.622Z,430292,0x0D,Speed,0,mph,SAE J1850 VPW,115200
2026-10-02T23:28:05.767Z,430437,0x11,Throttle,16,%,SAE J1850 VPW,115200
2026-10-02T23:28:05.894Z,430564,0x04,Engine load,7,%,SAE J1850 VPW,115200
2026-10-02T23:28:06.038Z,430708,0x06,Short-term fuel trim,-6.3,%,SAE J1850 VPW,115200
2026-10-02T23:28:06.185Z,430855,0x0B,Intake manifold pressure,37,kPa,SAE J1850 VPW,115200
2026-10-02T23:28:06.310Z,430980,0x0E,Timing advance,15.5,°,SAE J1850 VPW,115200
2026-10-02T23:28:06.470Z,431140,0x14,"O2 sensor, bank 1 sensor 1",0.72,V,SAE J1850 VPW,115200
2026-10-02T23:28:06.616Z,431286,0x15,"O2 sensor, bank 1 sensor 2",0.79,V,SAE J1850 VPW,115200
2026-10-02T23:28:06.822Z,431492,0x0C,Engine RPM,757,rpm,SAE J1850 VPW,115200
2026-10-02T23:28:06.968Z,431638,0x0D,Speed,0,mph,SAE J1850 VPW,115200
2026-10-02T23:28:07.110Z,431780,0x11,Throttle,16,%,SAE J1850 VPW,115200
2026-10-02T23:28:07.238Z,431908,0x04,Engine load,7,%,SAE J1850 VPW,115200
2026-10-02T23:28:07.367Z,432037,0x06,Short-term fuel trim,-5.5,%,SAE J1850 VPW,115200
2026-10-02T23:28:07.502Z,432172,0x07,Long-term fuel trim,11.7,%,SAE J1850 VPW,115200
2026-10-02T23:28:07.654Z,432324,0x05,Coolant temp,198,°F,SAE J1850 VPW,115200
2026-10-02T23:28:07.786Z,432456,0x0B,Intake manifold pressure,37,kPa,SAE J1850 VPW,115200
2026-10-02T23:28:07.929Z,432599,0x0E,Timing advance,15.5,°,SAE J1850 VPW,115200
2026-10-02T23:28:08.054Z,432724,0x14,"O2 sensor, bank 1 sensor 1",0.34,V,SAE J1850 VPW,115200
2026-10-02T23:28:08.188Z,432858,0x15,"O2 sensor, bank 1 sensor 2",0.63,V,SAE J1850 VPW,115200
2026-10-02T23:28:08.316Z,432986,0x03,Fuel system,Closed loop,,SAE J1850 VPW,115200
2026-10-02T23:28:08.327Z,432997,ATRV,Battery,13.1,V,SAE J1850 VPW,115200
2026-10-02T23:28:08.535Z,433205,0x0C,Engine RPM,763,rpm,SAE J1850 VPW,115200
2026-10-02T23:28:08.713Z,433383,0x0D,Speed,0,mph,SAE J1850 VPW,115200
2026-10-02T23:28:08.854Z,433524,0x11,Throttle,16,%,SAE J1850 VPW,115200
2026-10-02T23:28:08.986Z,433656,0x04,Engine load,7,%,SAE J1850 VPW,115200
2026-10-02T23:28:09.126Z,433796,0x06,Short-term fuel trim,-3.1,%,SAE J1850 VPW,115200
2026-10-02T23:28:09.254Z,433924,0x0B,Intake manifold pressure,37,kPa,SAE J1850 VPW,115200
2026-10-02T23:28:09.511Z,434181,0x14,"O2 sensor, bank 1 sensor 1",0.12,V,SAE J1850 VPW,115200
2026-10-02T23:28:09.654Z,434324,0x15,"O2 sensor, bank 1 sensor 2",0.10,V,SAE J1850 VPW,115200
2026-10-02T23:28:09.833Z,434503,0x0C,Engine RPM,753,rpm,SAE J1850 VPW,115200
2026-10-02T23:28:09.974Z,434644,0x0D,Speed,0,mph,SAE J1850 VPW,115200
2026-10-02T23:28:10.121Z,434791,0x11,Throttle,16,%,SAE J1850 VPW,115200
2026-10-02T23:28:10.263Z,434933,0x04,Engine load,7,%,SAE J1850 VPW,115200
2026-10-02T23:28:10.407Z,435077,0x06,Short-term fuel trim,-4.7,%,SAE J1850 VPW,115200
2026-10-02T23:28:10.567Z,435237,0x0B,Intake manifold pressure,37,kPa,SAE J1850 VPW,115200
2026-10-02T23:28:10.729Z,435399,0x0E,Timing advance,13.5,°,SAE J1850 VPW,115200
2026-10-02T23:28:10.870Z,435540,0x14,"O2 sensor, bank 1 sensor 1",0.15,V,SAE J1850 VPW,115200
2026-10-02T23:28:11.021Z,435691,0x15,"O2 sensor, bank 1 sensor 2",0.15,V,SAE J1850 VPW,115200
2026-10-02T23:28:11.222Z,435892,0x0C,Engine RPM,755,rpm,SAE J1850 VPW,115200
2026-10-02T23:28:11.372Z,436042,0x0D,Speed,0,mph,SAE J1850 VPW,115200
2026-10-02T23:28:11.510Z,436180,0x11,Throttle,16,%,SAE J1850 VPW,115200
2026-10-02T23:28:11.670Z,436340,0x04,Engine load,7,%,SAE J1850 VPW,115200
2026-10-02T23:28:11.800Z,436470,0x06,Short-term fuel trim,-1.6,%,SAE J1850 VPW,115200
2026-10-02T23:28:11.929Z,436599,0x0B,Intake manifold pressure,37,kPa,SAE J1850 VPW,115200
2026-10-02T23:28:12.054Z,436724,0x0E,Timing advance,13.0,°,SAE J1850 VPW,115200
2026-10-02T23:28:12.184Z,436854,0x14,"O2 sensor, bank 1 sensor 1",0.51,V,SAE J1850 VPW,115200
2026-10-02T23:28:12.310Z,436980,0x15,"O2 sensor, bank 1 sensor 2",0.15,V,SAE J1850 VPW,115200
2026-10-02T23:28:12.518Z,437188,0x0C,Engine RPM,760,rpm,SAE J1850 VPW,115200
2026-10-02T23:28:12.679Z,437349,0x0D,Speed,0,mph,SAE J1850 VPW,115200
2026-10-02T23:28:12.823Z,437493,0x11,Throttle,16,%,SAE J1850 VPW,115200
2026-10-02T23:28:12.985Z,437655,0x04,Engine load,7,%,SAE J1850 VPW,115200
2026-10-02T23:28:13.143Z,437813,0x06,Short-term fuel trim,-2.3,%,SAE J1850 VPW,115200
2026-10-02T23:28:13.286Z,437956,0x0B,Intake manifold pressure,37,kPa,SAE J1850 VPW,115200
2026-10-02T23:28:13.452Z,438122,0x0E,Timing advance,12.5,°,SAE J1850 VPW,115200
2026-10-02T23:28:13.575Z,438245,0x14,"O2 sensor, bank 1 sensor 1",0.63,V,SAE J1850 VPW,115200
2026-10-02T23:28:13.736Z,438406,0x15,"O2 sensor, bank 1 sensor 2",0.17,V,SAE J1850 VPW,115200
2026-10-02T23:28:13.927Z,438597,0x0C,Engine RPM,742,rpm,SAE J1850 VPW,115200
2026-10-02T23:28:14.054Z,438724,0x0D,Speed,0,mph,SAE J1850 VPW,115200
2026-10-02T23:28:14.182Z,438852,0x11,Throttle,16,%,SAE J1850 VPW,115200
2026-10-02T23:28:14.327Z,438997,0x04,Engine load,7,%,SAE J1850 VPW,115200
2026-10-02T23:28:14.487Z,439157,0x06,Short-term fuel trim,-3.9,%,SAE J1850 VPW,115200
2026-10-02T23:28:14.619Z,439289,0x07,Long-term fuel trim,10.2,%,SAE J1850 VPW,115200
2026-10-02T23:28:14.758Z,439428,0x05,Coolant temp,198,°F,SAE J1850 VPW,115200
2026-10-02T23:28:14.887Z,439557,0x0B,Intake manifold pressure,37,kPa,SAE J1850 VPW,115200
2026-10-02T23:28:15.018Z,439688,0x0E,Timing advance,9.5,°,SAE J1850 VPW,115200
2026-10-02T23:28:15.158Z,439828,0x14,"O2 sensor, bank 1 sensor 1",0.45,V,SAE J1850 VPW,115200
2026-10-02T23:28:15.302Z,439972,0x15,"O2 sensor, bank 1 sensor 2",0.51,V,SAE J1850 VPW,115200
2026-10-02T23:28:15.438Z,440108,0x03,Fuel system,Closed loop,,SAE J1850 VPW,115200
2026-10-02T23:28:15.453Z,440123,ATRV,Battery,13.2,V,SAE J1850 VPW,115200
2026-10-02T23:28:15.639Z,440309,0x0C,Engine RPM,766,rpm,SAE J1850 VPW,115200
2026-10-02T23:28:15.766Z,440436,0x0D,Speed,0,mph,SAE J1850 VPW,115200
2026-10-02T23:28:15.910Z,440580,0x11,Throttle,16,%,SAE J1850 VPW,115200
2026-10-02T23:28:16.070Z,440740,0x04,Engine load,7,%,SAE J1850 VPW,115200
2026-10-02T23:28:16.215Z,440885,0x06,Short-term fuel trim,-3.9,%,SAE J1850 VPW,115200
2026-10-02T23:28:16.358Z,441028,0x0B,Intake manifold pressure,37,kPa,SAE J1850 VPW,115200
2026-10-02T23:28:16.487Z,441157,0x0E,Timing advance,11.5,°,SAE J1850 VPW,115200
2026-10-02T23:28:16.617Z,441287,0x14,"O2 sensor, bank 1 sensor 1",0.26,V,SAE J1850 VPW,115200
2026-10-02T23:28:16.743Z,441413,0x15,"O2 sensor, bank 1 sensor 2",0.23,V,SAE J1850 VPW,115200
2026-10-02T23:28:16.935Z,441605,0x0C,Engine RPM,751,rpm,SAE J1850 VPW,115200
2026-10-02T23:28:17.064Z,441734,0x0D,Speed,0,mph,SAE J1850 VPW,115200
2026-10-02T23:28:17.206Z,441876,0x11,Throttle,16,%,SAE J1850 VPW,115200
2026-10-02T23:28:17.485Z,442155,0x06,Short-term fuel trim,-0.8,%,SAE J1850 VPW,115200
2026-10-02T23:28:17.638Z,442308,0x0B,Intake manifold pressure,37,kPa,SAE J1850 VPW,115200
2026-10-02T23:28:17.786Z,442456,0x0E,Timing advance,8.5,°,SAE J1850 VPW,115200
2026-10-02T23:28:17.926Z,442596,0x14,"O2 sensor, bank 1 sensor 1",0.51,V,SAE J1850 VPW,115200
2026-10-02T23:28:18.054Z,442724,0x15,"O2 sensor, bank 1 sensor 2",0.29,V,SAE J1850 VPW,115200
2026-10-02T23:28:18.253Z,442923,0x0C,Engine RPM,757,rpm,SAE J1850 VPW,115200
2026-10-02T23:28:18.390Z,443060,0x0D,Speed,0,mph,SAE J1850 VPW,115200
2026-10-02T23:28:18.534Z,443204,0x11,Throttle,16,%,SAE J1850 VPW,115200
2026-10-02T23:28:18.700Z,443370,0x04,Engine load,7,%,SAE J1850 VPW,115200
2026-10-02T23:28:18.822Z,443492,0x06,Short-term fuel trim,0.0,%,SAE J1850 VPW,115200
2026-10-02T23:28:18.950Z,443620,0x0B,Intake manifold pressure,37,kPa,SAE J1850 VPW,115200
2026-10-02T23:28:19.083Z,443753,0x0E,Timing advance,8.0,°,SAE J1850 VPW,115200
2026-10-02T23:28:19.238Z,443908,0x14,"O2 sensor, bank 1 sensor 1",0.74,V,SAE J1850 VPW,115200
2026-10-02T23:28:19.367Z,444037,0x15,"O2 sensor, bank 1 sensor 2",0.55,V,SAE J1850 VPW,115200
2026-10-02T23:28:19.590Z,444260,0x0C,Engine RPM,754,rpm,SAE J1850 VPW,115200
2026-10-02T23:28:19.735Z,444405,0x0D,Speed,0,mph,SAE J1850 VPW,115200
2026-10-02T23:28:19.864Z,444534,0x11,Throttle,16,%,SAE J1850 VPW,115200
2026-10-02T23:28:19.990Z,444660,0x04,Engine load,8,%,SAE J1850 VPW,115200
2026-10-02T23:28:20.118Z,444788,0x06,Short-term fuel trim,0.0,%,SAE J1850 VPW,115200
2026-10-02T23:28:20.249Z,444919,0x0B,Intake manifold pressure,38,kPa,SAE J1850 VPW,115200
2026-10-02T23:28:20.374Z,445044,0x0E,Timing advance,11.0,°,SAE J1850 VPW,115200
2026-10-02T23:28:20.502Z,445172,0x14,"O2 sensor, bank 1 sensor 1",0.77,V,SAE J1850 VPW,115200
2026-10-02T23:28:20.653Z,445323,0x15,"O2 sensor, bank 1 sensor 2",0.81,V,SAE J1850 VPW,115200
2026-10-02T23:28:20.838Z,445508,0x0C,Engine RPM,771,rpm,SAE J1850 VPW,115200
2026-10-02T23:28:20.982Z,445652,0x0D,Speed,0,mph,SAE J1850 VPW,115200
2026-10-02T23:28:21.110Z,445780,0x11,Throttle,16,%,SAE J1850 VPW,115200
2026-10-02T23:28:21.238Z,445908,0x04,Engine load,7,%,SAE J1850 VPW,115200
2026-10-02T23:28:21.495Z,446165,0x07,Long-term fuel trim,9.4,%,SAE J1850 VPW,115200
2026-10-02T23:28:21.638Z,446308,0x05,Coolant temp,199,°F,SAE J1850 VPW,115200
2026-10-02T23:28:21.784Z,446454,0x0B,Intake manifold pressure,38,kPa,SAE J1850 VPW,115200
2026-10-02T23:28:21.911Z,446581,0x0E,Timing advance,11.5,°,SAE J1850 VPW,115200
2026-10-02T23:28:22.054Z,446724,0x14,"O2 sensor, bank 1 sensor 1",0.72,V,SAE J1850 VPW,115200
2026-10-02T23:28:22.186Z,446856,0x15,"O2 sensor, bank 1 sensor 2",0.81,V,SAE J1850 VPW,115200
